location,date,crash_count
bushy_park_(bushy_park_estates),2010-01,12
bushy_park_(bushy_park_estates),2010-02,6
bushy_park_(bushy_park_estates),2010-03,11
bushy_park_(bushy_park_estates),2010-04,12
bushy_park_(bushy_park_estates),2010-05,7
bushy_park_(bushy_park_estates),2010-06,10
bushy_park_(bushy_park_estates),2010-07,13
bushy_park_(bushy_park_estates),2010-08,9
bushy_park_(bushy_park_estates),2010-09,4
bushy_park_(bushy_park_estates),2010-10,8
bushy_park_(bushy_park_estates),2010-11,12
bushy_park_(bushy_park_estates),2010-12,13
bushy_park_(bushy_park_estates),2011-01,8
bushy_park_(bushy_park_estates),2011-02,7
bushy_park_(bushy_park_estates),2011-03,3
bushy_park_(bushy_park_estates),2011-04,10
bushy_park_(bushy_park_estates),2011-05,3
bushy_park_(bushy_park_estates),2011-06,5
bushy_park_(bushy_park_estates),2011-07,12
bushy_park_(bushy_park_estates),2011-08,4
bushy_park_(bushy_park_estates),2011-09,6
bushy_park_(bushy_park_estates),2011-10,8
bushy_park_(bushy_park_estates),2011-11,7
bushy_park_(bushy_park_estates),2011-12,8
bushy_park_(bushy_park_estates),2012-01,9
bushy_park_(bushy_park_estates),2012-02,7
bushy_park_(bushy_park_estates),2012-03,9
bushy_park_(bushy_park_estates),2012-04,5
bushy_park_(bushy_park_estates),2012-05,2
bushy_park_(bushy_park_estates),2012-06,8
bushy_park_(bushy_park_estates),2012-07,8
bushy_park_(bushy_park_estates),2012-08,9
bushy_park_(bushy_park_estates),2012-09,8
bushy_park_(bushy_park_estates),2012-10,8
bushy_park_(bushy_park_estates),2012-11,10
bushy_park_(bushy_park_estates),2012-12,7
bushy_park_(bushy_park_estates),2013-01,5
bushy_park_(bushy_park_estates),2013-02,7
bushy_park_(bushy_park_estates),2013-03,13
bushy_park_(bushy_park_estates),2013-04,8
bushy_park_(bushy_park_estates),2013-05,7
bushy_park_(bushy_park_estates),2013-06,14
bushy_park_(bushy_park_estates),2013-07,8
bushy_park_(bushy_park_estates),2013-08,12
bushy_park_(bushy_park_estates),2013-09,7
bushy_park_(bushy_park_estates),2013-10,10
bushy_park_(bushy_park_estates),2013-11,6
bushy_park_(bushy_park_estates),2013-12,12
bushy_park_(bushy_park_estates),2014-01,6
bushy_park_(bushy_park_estates),2014-02,12
bushy_park_(bushy_park_estates),2014-03,14
bushy_park_(bushy_park_estates),2014-04,7
bushy_park_(bushy_park_estates),2014-05,9
bushy_park_(bushy_park_estates),2014-06,10
bushy_park_(bushy_park_estates),2014-07,5
bushy_park_(bushy_park_estates),2014-08,5
bushy_park_(bushy_park_estates),2014-09,7
bushy_park_(bushy_park_estates),2014-10,7
bushy_park_(bushy_park_estates),2014-11,11
bushy_park_(bushy_park_estates),2014-12,7
bushy_park_(bushy_park_estates),2015-01,15
bushy_park_(bushy_park_estates),2015-02,10
bushy_park_(bushy_park_estates),2015-03,10
bushy_park_(bushy_park_estates),2015-04,7
bushy_park_(bushy_park_estates),2015-05,6
bushy_park_(bushy_park_estates),2015-06,16
bushy_park_(bushy_park_estates),2015-07,9
bushy_park_(bushy_park_estates),2015-08,8
bushy_park_(bushy_park_estates),2015-09,5
bushy_park_(bushy_park_estates),2015-10,8
bushy_park_(bushy_park_estates),2015-11,9
bushy_park_(bushy_park_estates),2015-12,14
bushy_park_(bushy_park_estates),2016-01,14
bushy_park_(bushy_park_estates),2016-02,13
bushy_park_(bushy_park_estates),2016-03,7
bushy_park_(bushy_park_estates),2016-04,7
bushy_park_(bushy_park_estates),2016-05,9
bushy_park_(bushy_park_estates),2016-06,3
bushy_park_(bushy_park_estates),2016-07,14
bushy_park_(bushy_park_estates),2016-08,6
bushy_park_(bushy_park_estates),2016-09,5
bushy_park_(bushy_park_estates),2016-10,6
bushy_park_(bushy_park_estates),2016-11,15
bushy_park_(bushy_park_estates),2016-12,8
bushy_park_(bushy_park_estates),2017-01,10
bushy_park_(bushy_park_estates),2017-02,6
bushy_park_(bushy_park_estates),2017-03,15
bushy_park_(bushy_park_estates),2017-04,6
bushy_park_(bushy_park_estates),2017-05,9
bushy_park_(bushy_park_estates),2017-06,13
bushy_park_(bushy_park_estates),2017-07,11
bushy_park_(bushy_park_estates),2017-08,9
bushy_park_(bushy_park_estates),2017-09,5
bushy_park_(bushy_park_estates),2017-10,9
bushy_park_(bushy_park_estates),2017-11,11
bushy_park_(bushy_park_estates),2017-12,8
bushy_park_(bushy_park_estates),2018-01,18
bushy_park_(bushy_park_estates),2018-02,14
bushy_park_(bushy_park_estates),2018-03,9
bushy_park_(bushy_park_estates),2018-04,13
bushy_park_(bushy_park_estates),2018-05,8
bushy_park_(bushy_park_estates),2018-06,6
bushy_park_(bushy_park_estates),2018-07,15
bushy_park_(bushy_park_estates),2018-08,13
bushy_park_(bushy_park_estates),2018-09,9
bushy_park_(bushy_park_estates),2018-10,11
bushy_park_(bushy_park_estates),2018-11,8
bushy_park_(bushy_park_estates),2018-12,18
bushy_park_(bushy_park_estates),2019-01,8
bushy_park_(bushy_park_estates),2019-02,5
bushy_park_(bushy_park_estates),2019-03,13
bushy_park_(bushy_park_estates),2019-04,6
bushy_park_(bushy_park_estates),2019-05,7
bushy_park_(bushy_park_estates),2019-06,12
bushy_park_(bushy_park_estates),2019-07,7
bushy_park_(bushy_park_estates),2019-08,8
bushy_park_(bushy_park_estates),2019-09,12
bushy_park_(bushy_park_estates),2019-10,8
bushy_park_(bushy_park_estates),2019-11,6
bushy_park_(bushy_park_estates),2019-12,13
bushy_park_(bushy_park_estates),2020-01,12
bushy_park_(bushy_park_estates),2020-02,6
bushy_park_(bushy_park_estates),2020-03,13
bushy_park_(bushy_park_estates),2020-04,9
bushy_park_(bushy_park_estates),2020-05,7
bushy_park_(bushy_park_estates),2020-06,7
bushy_park_(bushy_park_estates),2020-07,11
bushy_park_(bushy_park_estates),2020-08,9
bushy_park_(bushy_park_estates),2020-09,9
bushy_park_(bushy_park_estates),2020-10,7
bushy_park_(bushy_park_estates),2020-11,9
bushy_park_(bushy_park_estates),2020-12,1
campania_(kincora),2010-01,13
campania_(kincora),2010-02,7
campania_(kincora),2010-03,18
campania_(kincora),2010-04,9
campania_(kincora),2010-05,7
campania_(kincora),2010-06,14
campania_(kincora),2010-07,14
campania_(kincora),2010-08,13
campania_(kincora),2010-09,11
campania_(kincora),2010-10,14
campania_(kincora),2010-11,16
campania_(kincora),2010-12,12
campania_(kincora),2011-01,8
campania_(kincora),2011-02,10
campania_(kincora),2011-03,9
campania_(kincora),2011-04,10
campania_(kincora),2011-05,10
campania_(kincora),2011-06,19
campania_(kincora),2011-07,9
campania_(kincora),2011-08,11
campania_(kincora),2011-09,6
campania_(kincora),2011-10,10
campania_(kincora),2011-11,10
campania_(kincora),2011-12,9
campania_(kincora),2012-01,10
campania_(kincora),2012-02,6
campania_(kincora),2012-03,8
campania_(kincora),2012-04,12
campania_(kincora),2012-05,19
campania_(kincora),2012-06,6
campania_(kincora),2012-07,13
campania_(kincora),2012-08,11
campania_(kincora),2012-09,10
campania_(kincora),2012-10,7
campania_(kincora),2012-11,9
campania_(kincora),2012-12,8
campania_(kincora),2013-01,17
campania_(kincora),2013-02,8
campania_(kincora),2013-03,6
campania_(kincora),2013-04,9
campania_(kincora),2013-05,15
campania_(kincora),2013-06,9
campania_(kincora),2013-07,14
campania_(kincora),2013-08,8
campania_(kincora),2013-09,10
campania_(kincora),2013-10,5
campania_(kincora),2013-11,9
campania_(kincora),2013-12,10
campania_(kincora),2014-01,7
campania_(kincora),2014-02,9
campania_(kincora),2014-03,18
campania_(kincora),2014-04,9
campania_(kincora),2014-05,11
campania_(kincora),2014-06,18
campania_(kincora),2014-07,4
campania_(kincora),2014-08,10
campania_(kincora),2014-09,9
campania_(kincora),2014-10,13
campania_(kincora),2014-11,11
campania_(kincora),2014-12,9
campania_(kincora),2015-01,12
campania_(kincora),2015-02,5
campania_(kincora),2015-03,15
campania_(kincora),2015-04,10
campania_(kincora),2015-05,10
campania_(kincora),2015-06,8
campania_(kincora),2015-07,10
campania_(kincora),2015-08,17
campania_(kincora),2015-09,3
campania_(kincora),2015-10,10
campania_(kincora),2015-11,6
campania_(kincora),2015-12,6
campania_(kincora),2016-01,8
campania_(kincora),2016-02,8
campania_(kincora),2016-03,11
campania_(kincora),2016-04,11
campania_(kincora),2016-05,7
campania_(kincora),2016-06,15
campania_(kincora),2016-07,9
campania_(kincora),2016-08,13
campania_(kincora),2016-09,17
campania_(kincora),2016-10,13
campania_(kincora),2016-11,13
campania_(kincora),2016-12,11
campania_(kincora),2017-01,10
campania_(kincora),2017-02,14
campania_(kincora),2017-03,14
campania_(kincora),2017-04,6
campania_(kincora),2017-05,15
campania_(kincora),2017-06,10
campania_(kincora),2017-07,10
campania_(kincora),2017-08,11
campania_(kincora),2017-09,15
campania_(kincora),2017-10,13
campania_(kincora),2017-11,10
campania_(kincora),2017-12,10
campania_(kincora),2018-01,8
campania_(kincora),2018-02,16
campania_(kincora),2018-03,12
campania_(kincora),2018-04,10
campania_(kincora),2018-05,12
campania_(kincora),2018-06,13
campania_(kincora),2018-07,6
campania_(kincora),2018-08,14
campania_(kincora),2018-09,9
campania_(kincora),2018-10,12
campania_(kincora),2018-11,9
campania_(kincora),2018-12,15
campania_(kincora),2019-01,10
campania_(kincora),2019-02,9
campania_(kincora),2019-03,15
campania_(kincora),2019-04,11
campania_(kincora),2019-05,7
campania_(kincora),2019-06,10
campania_(kincora),2019-07,9
campania_(kincora),2019-08,16
campania_(kincora),2019-09,8
campania_(kincora),2019-10,16
campania_(kincora),2019-11,17
campania_(kincora),2019-12,17
campania_(kincora),2020-01,10
campania_(kincora),2020-02,8
campania_(kincora),2020-03,16
campania_(kincora),2020-04,10
campania_(kincora),2020-05,10
campania_(kincora),2020-06,16
campania_(kincora),2020-07,17
campania_(kincora),2020-08,11
campania_(kincora),2020-09,4
campania_(kincora),2020-10,10
campania_(kincora),2020-11,5
campania_(kincora),2020-12,4
cressy_(brumbys_creek),2010-01,10
cressy_(brumbys_creek),2010-02,20
cressy_(brumbys_creek),2010-03,16
cressy_(brumbys_creek),2010-04,6
cressy_(brumbys_creek),2010-05,8
cressy_(brumbys_creek),2010-06,16
cressy_(brumbys_creek),2010-07,8
cressy_(brumbys_creek),2010-08,10
cressy_(brumbys_creek),2010-09,10
cressy_(brumbys_creek),2010-10,8
cressy_(brumbys_creek),2010-11,14
cressy_(brumbys_creek),2010-12,16
cressy_(brumbys_creek),2011-01,19
cressy_(brumbys_creek),2011-02,9
cressy_(brumbys_creek),2011-03,13
cressy_(brumbys_creek),2011-04,18
cressy_(brumbys_creek),2011-05,12
cressy_(brumbys_creek),2011-06,20
cressy_(brumbys_creek),2011-07,11
cressy_(brumbys_creek),2011-08,4
cressy_(brumbys_creek),2011-09,14
cressy_(brumbys_creek),2011-10,13
cressy_(brumbys_creek),2011-11,8
cressy_(brumbys_creek),2011-12,10
cressy_(brumbys_creek),2012-01,12
cressy_(brumbys_creek),2012-02,5
cressy_(brumbys_creek),2012-03,8
cressy_(brumbys_creek),2012-04,14
cressy_(brumbys_creek),2012-05,10
cressy_(brumbys_creek),2012-06,12
cressy_(brumbys_creek),2012-07,10
cressy_(brumbys_creek),2012-08,13
cressy_(brumbys_creek),2012-09,7
cressy_(brumbys_creek),2012-10,10
cressy_(brumbys_creek),2012-11,12
cressy_(brumbys_creek),2012-12,10
cressy_(brumbys_creek),2013-01,11
cressy_(brumbys_creek),2013-02,13
cressy_(brumbys_creek),2013-03,18
cressy_(brumbys_creek),2013-04,14
cressy_(brumbys_creek),2013-05,10
cressy_(brumbys_creek),2013-06,13
cressy_(brumbys_creek),2013-07,14
cressy_(brumbys_creek),2013-08,9
cressy_(brumbys_creek),2013-09,12
cressy_(brumbys_creek),2013-10,13
cressy_(brumbys_creek),2013-11,14
cressy_(brumbys_creek),2013-12,20
cressy_(brumbys_creek),2014-01,8
cressy_(brumbys_creek),2014-02,13
cressy_(brumbys_creek),2014-03,19
cressy_(brumbys_creek),2014-04,17
cressy_(brumbys_creek),2014-05,8
cressy_(brumbys_creek),2014-06,9
cressy_(brumbys_creek),2014-07,10
cressy_(brumbys_creek),2014-08,10
cressy_(brumbys_creek),2014-09,6
cressy_(brumbys_creek),2014-10,8
cressy_(brumbys_creek),2014-11,13
cressy_(brumbys_creek),2014-12,15
cressy_(brumbys_creek),2015-01,11
cressy_(brumbys_creek),2015-02,18
cressy_(brumbys_creek),2015-03,15
cressy_(brumbys_creek),2015-04,13
cressy_(brumbys_creek),2015-05,7
cressy_(brumbys_creek),2015-06,16
cressy_(brumbys_creek),2015-07,8
cressy_(brumbys_creek),2015-08,11
cressy_(brumbys_creek),2015-09,7
cressy_(brumbys_creek),2015-10,9
cressy_(brumbys_creek),2015-11,6
cressy_(brumbys_creek),2015-12,18
cressy_(brumbys_creek),2016-01,17
cressy_(brumbys_creek),2016-02,13
cressy_(brumbys_creek),2016-03,12
cressy_(brumbys_creek),2016-04,8
cressy_(brumbys_creek),2016-05,7
cressy_(brumbys_creek),2016-06,7
cressy_(brumbys_creek),2016-07,17
cressy_(brumbys_creek),2016-08,10
cressy_(brumbys_creek),2016-09,6
cressy_(brumbys_creek),2016-10,10
cressy_(brumbys_creek),2016-11,12
cressy_(brumbys_creek),2016-12,14
cressy_(brumbys_creek),2017-01,12
cressy_(brumbys_creek),2017-02,10
cressy_(brumbys_creek),2017-03,9
cressy_(brumbys_creek),2017-04,13
cressy_(brumbys_creek),2017-05,12
cressy_(brumbys_creek),2017-06,17
cressy_(brumbys_creek),2017-07,15
cressy_(brumbys_creek),2017-08,6
cressy_(brumbys_creek),2017-09,8
cressy_(brumbys_creek),2017-10,9
cressy_(brumbys_creek),2017-11,17
cressy_(brumbys_creek),2017-12,15
cressy_(brumbys_creek),2018-01,8
cressy_(brumbys_creek),2018-02,12
cressy_(brumbys_creek),2018-03,11
cressy_(brumbys_creek),2018-04,11
cressy_(brumbys_creek),2018-05,14
cressy_(brumbys_creek),2018-06,16
cressy_(brumbys_creek),2018-07,18
cressy_(brumbys_creek),2018-08,13
cressy_(brumbys_creek),2018-09,9
cressy_(brumbys_creek),2018-10,17
cressy_(brumbys_creek),2018-11,13
cressy_(brumbys_creek),2018-12,11
cressy_(brumbys_creek),2019-01,16
cressy_(brumbys_creek),2019-02,14
cressy_(brumbys_creek),2019-03,13
cressy_(brumbys_creek),2019-04,16
cressy_(brumbys_creek),2019-05,11
cressy_(brumbys_creek),2019-06,16
cressy_(brumbys_creek),2019-07,13
cressy_(brumbys_creek),2019-08,9
cressy_(brumbys_creek),2019-09,14
cressy_(brumbys_creek),2019-10,10
cressy_(brumbys_creek),2019-11,8
cressy_(brumbys_creek),2019-12,13
cressy_(brumbys_creek),2020-01,20
cressy_(brumbys_creek),2020-02,15
cressy_(brumbys_creek),2020-03,10
cressy_(brumbys_creek),2020-04,7
cressy_(brumbys_creek),2020-05,6
cressy_(brumbys_creek),2020-06,9
cressy_(brumbys_creek),2020-07,8
cressy_(brumbys_creek),2020-08,9
cressy_(brumbys_creek),2020-09,12
cressy_(brumbys_creek),2020-10,8
cressy_(brumbys_creek),2020-11,8
cressy_(brumbys_creek),2020-12,3
dennes_point,2010-01,27
dennes_point,2010-02,25
dennes_point,2010-03,30
dennes_point,2010-04,21
dennes_point,2010-05,17
dennes_point,2010-06,26
dennes_point,2010-07,23
dennes_point,2010-08,23
dennes_point,2010-09,27
dennes_point,2010-10,21
dennes_point,2010-11,23
dennes_point,2010-12,29
dennes_point,2011-01,16
dennes_point,2011-02,20
dennes_point,2011-03,25
dennes_point,2011-04,30
dennes_point,2011-05,15
dennes_point,2011-06,24
dennes_point,2011-07,26
dennes_point,2011-08,15
dennes_point,2011-09,19
dennes_point,2011-10,21
dennes_point,2011-11,18
dennes_point,2011-12,23
dennes_point,2012-01,22
dennes_point,2012-02,26
dennes_point,2012-03,21
dennes_point,2012-04,26
dennes_point,2012-05,15
dennes_point,2012-06,20
dennes_point,2012-07,13
dennes_point,2012-08,15
dennes_point,2012-09,18
dennes_point,2012-10,16
dennes_point,2012-11,22
dennes_point,2012-12,21
dennes_point,2013-01,25
dennes_point,2013-02,14
dennes_point,2013-03,23
dennes_point,2013-04,17
dennes_point,2013-05,20
dennes_point,2013-06,19
dennes_point,2013-07,28
dennes_point,2013-08,29
dennes_point,2013-09,27
dennes_point,2013-10,22
dennes_point,2013-11,27
dennes_point,2013-12,23
dennes_point,2014-01,25
dennes_point,2014-02,23
dennes_point,2014-03,34
dennes_point,2014-04,24
dennes_point,2014-05,20
dennes_point,2014-06,25
dennes_point,2014-07,15
dennes_point,2014-08,23
dennes_point,2014-09,19
dennes_point,2014-10,20
dennes_point,2014-11,23
dennes_point,2014-12,26
dennes_point,2015-01,19
dennes_point,2015-02,25
dennes_point,2015-03,26
dennes_point,2015-04,24
dennes_point,2015-05,26
dennes_point,2015-06,27
dennes_point,2015-07,14
dennes_point,2015-08,21
dennes_point,2015-09,23
dennes_point,2015-10,27
dennes_point,2015-11,30
dennes_point,2015-12,36
dennes_point,2016-01,15
dennes_point,2016-02,22
dennes_point,2016-03,18
dennes_point,2016-04,19
dennes_point,2016-05,21
dennes_point,2016-06,22
dennes_point,2016-07,21
dennes_point,2016-08,20
dennes_point,2016-09,27
dennes_point,2016-10,24
dennes_point,2016-11,27
dennes_point,2016-12,35
dennes_point,2017-01,18
dennes_point,2017-02,32
dennes_point,2017-03,28
dennes_point,2017-04,18
dennes_point,2017-05,24
dennes_point,2017-06,17
dennes_point,2017-07,22
dennes_point,2017-08,20
dennes_point,2017-09,16
dennes_point,2017-10,27
dennes_point,2017-11,33
dennes_point,2017-12,34
dennes_point,2018-01,24
dennes_point,2018-02,19
dennes_point,2018-03,15
dennes_point,2018-04,17
dennes_point,2018-05,22
dennes_point,2018-06,33
dennes_point,2018-07,29
dennes_point,2018-08,26
dennes_point,2018-09,21
dennes_point,2018-10,20
dennes_point,2018-11,32
dennes_point,2018-12,28
dennes_point,2019-01,23
dennes_point,2019-02,27
dennes_point,2019-03,30
dennes_point,2019-04,25
dennes_point,2019-05,34
dennes_point,2019-06,25
dennes_point,2019-07,31
dennes_point,2019-08,28
dennes_point,2019-09,23
dennes_point,2019-10,17
dennes_point,2019-11,22
dennes_point,2019-12,22
dennes_point,2020-01,25
dennes_point,2020-02,21
dennes_point,2020-03,26
dennes_point,2020-04,12
dennes_point,2020-05,18
dennes_point,2020-06,16
dennes_point,2020-07,22
dennes_point,2020-08,25
dennes_point,2020-09,14
dennes_point,2020-10,13
dennes_point,2020-11,19
dennes_point,2020-12,6
devonport_airport,2010-01,60
devonport_airport,2010-02,54
devonport_airport,2010-03,70
devonport_airport,2010-04,46
devonport_airport,2010-05,50
devonport_airport,2010-06,71
devonport_airport,2010-07,70
devonport_airport,2010-08,49
devonport_airport,2010-09,60
devonport_airport,2010-10,53
devonport_airport,2010-11,68
devonport_airport,2010-12,51
devonport_airport,2011-01,61
devonport_airport,2011-02,47
devonport_airport,2011-03,53
devonport_airport,2011-04,54
devonport_airport,2011-05,62
devonport_airport,2011-06,38
devonport_airport,2011-07,36
devonport_airport,2011-08,50
devonport_airport,2011-09,41
devonport_airport,2011-10,45
devonport_airport,2011-11,50
devonport_airport,2011-12,40
devonport_airport,2012-01,46
devonport_airport,2012-02,57
devonport_airport,2012-03,43
devonport_airport,2012-04,45
devonport_airport,2012-05,54
devonport_airport,2012-06,51
devonport_airport,2012-07,40
devonport_airport,2012-08,50
devonport_airport,2012-09,44
devonport_airport,2012-10,41
devonport_airport,2012-11,60
devonport_airport,2012-12,48
devonport_airport,2013-01,58
devonport_airport,2013-02,59
devonport_airport,2013-03,43
devonport_airport,2013-04,66
devonport_airport,2013-05,67
devonport_airport,2013-06,47
devonport_airport,2013-07,56
devonport_airport,2013-08,47
devonport_airport,2013-09,51
devonport_airport,2013-10,40
devonport_airport,2013-11,50
devonport_airport,2013-12,55
devonport_airport,2014-01,44
devonport_airport,2014-02,40
devonport_airport,2014-03,65
devonport_airport,2014-04,55
devonport_airport,2014-05,63
devonport_airport,2014-06,50
devonport_airport,2014-07,45
devonport_airport,2014-08,38
devonport_airport,2014-09,45
devonport_airport,2014-10,57
devonport_airport,2014-11,36
devonport_airport,2014-12,51
devonport_airport,2015-01,54
devonport_airport,2015-02,47
devonport_airport,2015-03,55
devonport_airport,2015-04,59
devonport_airport,2015-05,57
devonport_airport,2015-06,52
devonport_airport,2015-07,50
devonport_airport,2015-08,43
devonport_airport,2015-09,45
devonport_airport,2015-10,33
devonport_airport,2015-11,52
devonport_airport,2015-12,43
devonport_airport,2016-01,60
devonport_airport,2016-02,52
devonport_airport,2016-03,52
devonport_airport,2016-04,70
devonport_airport,2016-05,53
devonport_airport,2016-06,60
devonport_airport,2016-07,57
devonport_airport,2016-08,44
devonport_airport,2016-09,55
devonport_airport,2016-10,38
devonport_airport,2016-11,68
devonport_airport,2016-12,68
devonport_airport,2017-01,42
devonport_airport,2017-02,47
devonport_airport,2017-03,64
devonport_airport,2017-04,62
devonport_airport,2017-05,58
devonport_airport,2017-06,48
devonport_airport,2017-07,65
devonport_airport,2017-08,53
devonport_airport,2017-09,49
devonport_airport,2017-10,50
devonport_airport,2017-11,48
devonport_airport,2017-12,51
devonport_airport,2018-01,62
devonport_airport,2018-02,51
devonport_airport,2018-03,54
devonport_airport,2018-04,46
devonport_airport,2018-05,59
devonport_airport,2018-06,50
devonport_airport,2018-07,49
devonport_airport,2018-08,55
devonport_airport,2018-09,27
devonport_airport,2018-10,52
devonport_airport,2018-11,59
devonport_airport,2018-12,42
devonport_airport,2019-01,37
devonport_airport,2019-02,56
devonport_airport,2019-03,62
devonport_airport,2019-04,49
devonport_airport,2019-05,60
devonport_airport,2019-06,63
devonport_airport,2019-07,57
devonport_airport,2019-08,37
devonport_airport,2019-09,42
devonport_airport,2019-10,61
devonport_airport,2019-11,45
devonport_airport,2019-12,48
devonport_airport,2020-01,54
devonport_airport,2020-02,67
devonport_airport,2020-03,59
devonport_airport,2020-04,21
devonport_airport,2020-05,39
devonport_airport,2020-06,58
devonport_airport,2020-07,42
devonport_airport,2020-08,53
devonport_airport,2020-09,36
devonport_airport,2020-10,41
devonport_airport,2020-11,29
devonport_airport,2020-12,15
dunalley_(stroud_point),2010-01,3
dunalley_(stroud_point),2010-02,1
dunalley_(stroud_point),2010-03,5
dunalley_(stroud_point),2010-04,4
dunalley_(stroud_point),2010-05,4
dunalley_(stroud_point),2010-06,1
dunalley_(stroud_point),2010-07,6
dunalley_(stroud_point),2010-09,5
dunalley_(stroud_point),2010-10,5
dunalley_(stroud_point),2010-12,3
dunalley_(stroud_point),2011-01,9
dunalley_(stroud_point),2011-03,3
dunalley_(stroud_point),2011-04,5
dunalley_(stroud_point),2011-05,4
dunalley_(stroud_point),2011-07,1
dunalley_(stroud_point),2011-08,1
dunalley_(stroud_point),2011-11,3
dunalley_(stroud_point),2011-12,1
dunalley_(stroud_point),2012-01,3
dunalley_(stroud_point),2012-02,1
dunalley_(stroud_point),2012-03,4
dunalley_(stroud_point),2012-05,2
dunalley_(stroud_point),2012-06,2
dunalley_(stroud_point),2012-07,3
dunalley_(stroud_point),2012-08,2
dunalley_(stroud_point),2012-09,2
dunalley_(stroud_point),2012-10,1
dunalley_(stroud_point),2012-11,2
dunalley_(stroud_point),2012-12,1
dunalley_(stroud_point),2013-01,2
dunalley_(stroud_point),2013-02,3
dunalley_(stroud_point),2013-03,4
dunalley_(stroud_point),2013-04,4
dunalley_(stroud_point),2013-06,3
dunalley_(stroud_point),2013-07,2
dunalley_(stroud_point),2013-08,1
dunalley_(stroud_point),2013-09,1
dunalley_(stroud_point),2013-10,5
dunalley_(stroud_point),2013-11,3
dunalley_(stroud_point),2013-12,2
dunalley_(stroud_point),2014-01,1
dunalley_(stroud_point),2014-03,5
dunalley_(stroud_point),2014-04,1
dunalley_(stroud_point),2014-05,3
dunalley_(stroud_point),2014-06,2
dunalley_(stroud_point),2014-07,1
dunalley_(stroud_point),2014-08,1
dunalley_(stroud_point),2014-09,2
dunalley_(stroud_point),2014-10,3
dunalley_(stroud_point),2014-11,6
dunalley_(stroud_point),2014-12,1
dunalley_(stroud_point),2015-01,4
dunalley_(stroud_point),2015-02,2
dunalley_(stroud_point),2015-03,3
dunalley_(stroud_point),2015-04,3
dunalley_(stroud_point),2015-05,2
dunalley_(stroud_point),2015-06,2
dunalley_(stroud_point),2015-07,2
dunalley_(stroud_point),2015-08,4
dunalley_(stroud_point),2015-09,2
dunalley_(stroud_point),2015-10,4
dunalley_(stroud_point),2015-11,1
dunalley_(stroud_point),2015-12,3
dunalley_(stroud_point),2016-01,4
dunalley_(stroud_point),2016-02,3
dunalley_(stroud_point),2016-03,2
dunalley_(stroud_point),2016-04,1
dunalley_(stroud_point),2016-05,1
dunalley_(stroud_point),2016-06,4
dunalley_(stroud_point),2016-07,5
dunalley_(stroud_point),2016-08,2
dunalley_(stroud_point),2016-09,3
dunalley_(stroud_point),2016-10,5
dunalley_(stroud_point),2016-11,2
dunalley_(stroud_point),2016-12,3
dunalley_(stroud_point),2017-01,4
dunalley_(stroud_point),2017-02,3
dunalley_(stroud_point),2017-03,6
dunalley_(stroud_point),2017-04,4
dunalley_(stroud_point),2017-05,2
dunalley_(stroud_point),2017-06,7
dunalley_(stroud_point),2017-07,5
dunalley_(stroud_point),2017-08,1
dunalley_(stroud_point),2017-09,2
dunalley_(stroud_point),2017-10,3
dunalley_(stroud_point),2017-11,4
dunalley_(stroud_point),2017-12,6
dunalley_(stroud_point),2018-01,4
dunalley_(stroud_point),2018-02,4
dunalley_(stroud_point),2018-03,11
dunalley_(stroud_point),2018-04,5
dunalley_(stroud_point),2018-05,2
dunalley_(stroud_point),2018-06,4
dunalley_(stroud_point),2018-07,4
dunalley_(stroud_point),2018-08,1
dunalley_(stroud_point),2018-09,2
dunalley_(stroud_point),2018-11,1
dunalley_(stroud_point),2018-12,2
dunalley_(stroud_point),2019-01,1
dunalley_(stroud_point),2019-02,2
dunalley_(stroud_point),2019-03,4
dunalley_(stroud_point),2019-04,6
dunalley_(stroud_point),2019-05,1
dunalley_(stroud_point),2019-06,2
dunalley_(stroud_point),2019-07,6
dunalley_(stroud_point),2019-08,2
dunalley_(stroud_point),2019-09,4
dunalley_(stroud_point),2019-10,5
dunalley_(stroud_point),2019-11,4
dunalley_(stroud_point),2019-12,4
dunalley_(stroud_point),2020-01,1
dunalley_(stroud_point),2020-02,6
dunalley_(stroud_point),2020-03,4
dunalley_(stroud_point),2020-04,4
dunalley_(stroud_point),2020-05,2
dunalley_(stroud_point),2020-06,1
dunalley_(stroud_point),2020-07,3
dunalley_(stroud_point),2020-08,2
dunalley_(stroud_point),2020-09,4
dunalley_(stroud_point),2020-10,1
dunalley_(stroud_point),2020-11,1
dunalley_(stroud_point),2020-12,1
flinders_island_airport,2010-02,1
flinders_island_airport,2010-03,2
flinders_island_airport,2010-04,2
flinders_island_airport,2010-05,1
flinders_island_airport,2010-08,1
flinders_island_airport,2011-05,1
flinders_island_airport,2011-06,2
flinders_island_airport,2011-09,2
flinders_island_airport,2012-01,1
flinders_island_airport,2012-03,1
flinders_island_airport,2012-09,1
flinders_island_airport,2013-02,1
flinders_island_airport,2013-03,1
flinders_island_airport,2013-06,1
flinders_island_airport,2013-07,1
flinders_island_airport,2013-10,1
flinders_island_airport,2013-12,1
flinders_island_airport,2014-04,1
flinders_island_airport,2014-05,2
flinders_island_airport,2014-06,2
flinders_island_airport,2014-12,2
flinders_island_airport,2015-01,1
flinders_island_airport,2015-02,1
flinders_island_airport,2015-04,1
flinders_island_airport,2015-05,1
flinders_island_airport,2015-07,1
flinders_island_airport,2015-10,1
flinders_island_airport,2016-01,1
flinders_island_airport,2016-03,1
flinders_island_airport,2016-04,1
flinders_island_airport,2016-05,3
flinders_island_airport,2016-06,1
flinders_island_airport,2016-08,2
flinders_island_airport,2016-12,1
flinders_island_airport,2017-01,1
flinders_island_airport,2017-11,1
flinders_island_airport,2017-12,1
flinders_island_airport,2018-01,3
flinders_island_airport,2018-05,1
flinders_island_airport,2018-06,1
flinders_island_airport,2018-07,2
flinders_island_airport,2018-08,2
flinders_island_airport,2018-09,1
flinders_island_airport,2019-01,3
flinders_island_airport,2019-02,1
flinders_island_airport,2019-04,1
flinders_island_airport,2019-08,1
flinders_island_airport,2019-09,1
flinders_island_airport,2020-02,2
flinders_island_airport,2020-03,3
flinders_island_airport,2020-08,1
flinders_island_airport,2020-10,1
friendly_beaches,2010-01,11
friendly_beaches,2010-02,19
friendly_beaches,2010-03,11
friendly_beaches,2010-04,5
friendly_beaches,2010-05,3
friendly_beaches,2010-06,7
friendly_beaches,2010-07,7
friendly_beaches,2010-08,2
friendly_beaches,2010-09,7
friendly_beaches,2010-10,4
friendly_beaches,2010-11,5
friendly_beaches,2010-12,5
friendly_beaches,2011-01,9
friendly_beaches,2011-02,8
friendly_beaches,2011-03,4
friendly_beaches,2011-04,8
friendly_beaches,2011-05,7
friendly_beaches,2011-06,4
friendly_beaches,2011-07,5
friendly_beaches,2011-08,3
friendly_beaches,2011-09,2
friendly_beaches,2011-10,3
friendly_beaches,2011-11,6
friendly_beaches,2011-12,6
friendly_beaches,2012-01,4
friendly_beaches,2012-02,8
friendly_beaches,2012-03,9
friendly_beaches,2012-04,7
friendly_beaches,2012-05,4
friendly_beaches,2012-06,5
friendly_beaches,2012-07,2
friendly_beaches,2012-08,4
friendly_beaches,2012-09,7
friendly_beaches,2012-10,2
friendly_beaches,2012-11,5
friendly_beaches,2012-12,6
friendly_beaches,2013-01,7
friendly_beaches,2013-02,9
friendly_beaches,2013-03,7
friendly_beaches,2013-04,10
friendly_beaches,2013-05,3
friendly_beaches,2013-06,5
friendly_beaches,2013-07,2
friendly_beaches,2013-08,5
friendly_beaches,2013-09,7
friendly_beaches,2013-10,5
friendly_beaches,2013-11,10
friendly_beaches,2013-12,4
friendly_beaches,2014-01,11
friendly_beaches,2014-02,7
friendly_beaches,2014-03,8
friendly_beaches,2014-04,3
friendly_beaches,2014-05,3
friendly_beaches,2014-06,3
friendly_beaches,2014-07,5
friendly_beaches,2014-08,4
friendly_beaches,2014-09,5
friendly_beaches,2014-10,3
friendly_beaches,2014-11,6
friendly_beaches,2014-12,4
friendly_beaches,2015-01,13
friendly_beaches,2015-02,4
friendly_beaches,2015-03,8
friendly_beaches,2015-04,6
friendly_beaches,2015-05,4
friendly_beaches,2015-06,5
friendly_beaches,2015-07,2
friendly_beaches,2015-08,4
friendly_beaches,2015-09,7
friendly_beaches,2015-10,5
friendly_beaches,2015-11,8
friendly_beaches,2015-12,16
friendly_beaches,2016-01,13
friendly_beaches,2016-02,14
friendly_beaches,2016-03,13
friendly_beaches,2016-04,6
friendly_beaches,2016-05,7
friendly_beaches,2016-06,4
friendly_beaches,2016-07,5
friendly_beaches,2016-08,4
friendly_beaches,2016-09,9
friendly_beaches,2016-10,9
friendly_beaches,2016-11,11
friendly_beaches,2016-12,13
friendly_beaches,2017-01,11
friendly_beaches,2017-02,8
friendly_beaches,2017-03,12
friendly_beaches,2017-04,8
friendly_beaches,2017-05,4
friendly_beaches,2017-06,4
friendly_beaches,2017-07,3
friendly_beaches,2017-08,6
friendly_beaches,2017-09,4
friendly_beaches,2017-10,7
friendly_beaches,2017-11,9
friendly_beaches,2017-12,9
friendly_beaches,2018-01,7
friendly_beaches,2018-02,9
friendly_beaches,2018-03,11
friendly_beaches,2018-04,7
friendly_beaches,2018-05,6
friendly_beaches,2018-06,4
friendly_beaches,2018-07,1
friendly_beaches,2018-08,6
friendly_beaches,2018-09,4
friendly_beaches,2018-10,6
friendly_beaches,2018-11,6
friendly_beaches,2018-12,14
friendly_beaches,2019-01,10
friendly_beaches,2019-02,7
friendly_beaches,2019-03,10
friendly_beaches,2019-04,9
friendly_beaches,2019-05,7
friendly_beaches,2019-06,11
friendly_beaches,2019-07,4
friendly_beaches,2019-08,6
friendly_beaches,2019-09,6
friendly_beaches,2019-10,6
friendly_beaches,2019-11,4
friendly_beaches,2019-12,13
friendly_beaches,2020-01,15
friendly_beaches,2020-02,11
friendly_beaches,2020-03,11
friendly_beaches,2020-04,1
friendly_beaches,2020-05,6
friendly_beaches,2020-06,6
friendly_beaches,2020-07,5
friendly_beaches,2020-08,6
friendly_beaches,2020-09,3
friendly_beaches,2020-10,4
friendly_beaches,2020-11,4
friendly_beaches,2020-12,2
grove_(research_station),2010-01,16
grove_(research_station),2010-02,15
grove_(research_station),2010-03,18
grove_(research_station),2010-04,9
grove_(research_station),2010-05,12
grove_(research_station),2010-06,13
grove_(research_station),2010-07,14
grove_(research_station),2010-08,9
grove_(research_station),2010-09,10
grove_(research_station),2010-10,12
grove_(research_station),2010-11,20
grove_(research_station),2010-12,12
grove_(research_station),2011-01,16
grove_(research_station),2011-02,9
grove_(research_station),2011-03,13
grove_(research_station),2011-04,7
grove_(research_station),2011-05,9
grove_(research_station),2011-06,13
grove_(research_station),2011-07,13
grove_(research_station),2011-08,9
grove_(research_station),2011-09,13
grove_(research_station),2011-10,19
grove_(research_station),2011-11,19
grove_(research_station),2011-12,7
grove_(research_station),2012-01,19
grove_(research_station),2012-02,10
grove_(research_station),2012-03,19
grove_(research_station),2012-04,12
grove_(research_station),2012-05,10
grove_(research_station),2012-06,16
grove_(research_station),2012-07,11
grove_(research_station),2012-08,14
grove_(research_station),2012-09,11
grove_(research_station),2012-10,10
grove_(research_station),2012-11,12
grove_(research_station),2012-12,12
grove_(research_station),2013-01,16
grove_(research_station),2013-02,16
grove_(research_station),2013-03,16
grove_(research_station),2013-04,9
grove_(research_station),2013-05,9
grove_(research_station),2013-06,8
grove_(research_station),2013-07,12
grove_(research_station),2013-08,7
grove_(research_station),2013-09,13
grove_(research_station),2013-10,3
grove_(research_station),2013-11,9
grove_(research_station),2013-12,15
grove_(research_station),2014-01,19
grove_(research_station),2014-02,14
grove_(research_station),2014-03,13
grove_(research_station),2014-04,7
grove_(research_station),2014-05,8
grove_(research_station),2014-06,7
grove_(research_station),2014-07,15
grove_(research_station),2014-08,9
grove_(research_station),2014-09,12
grove_(research_station),2014-10,17
grove_(research_station),2014-11,15
grove_(research_station),2014-12,15
grove_(research_station),2015-01,19
grove_(research_station),2015-02,17
grove_(research_station),2015-03,11
grove_(research_station),2015-04,13
grove_(research_station),2015-05,17
grove_(research_station),2015-06,10
grove_(research_station),2015-07,9
grove_(research_station),2015-08,14
grove_(research_station),2015-09,5
grove_(research_station),2015-10,14
grove_(research_station),2015-11,12
grove_(research_station),2015-12,18
grove_(research_station),2016-01,10
grove_(research_station),2016-02,9
grove_(research_station),2016-03,10
grove_(research_station),2016-04,18
grove_(research_station),2016-05,15
grove_(research_station),2016-06,14
grove_(research_station),2016-07,18
grove_(research_station),2016-08,7
grove_(research_station),2016-09,17
grove_(research_station),2016-10,8
grove_(research_station),2016-11,13
grove_(research_station),2016-12,21
grove_(research_station),2017-01,14
grove_(research_station),2017-02,19
grove_(research_station),2017-03,17
grove_(research_station),2017-04,11
grove_(research_station),2017-05,9
grove_(research_station),2017-06,12
grove_(research_station),2017-07,15
grove_(research_station),2017-08,9
grove_(research_station),2017-09,13
grove_(research_station),2017-10,19
grove_(research_station),2017-11,12
grove_(research_station),2017-12,14
grove_(research_station),2018-01,14
grove_(research_station),2018-02,8
grove_(research_station),2018-03,15
grove_(research_station),2018-04,11
grove_(research_station),2018-05,16
grove_(research_station),2018-06,12
grove_(research_station),2018-07,8
grove_(research_station),2018-08,14
grove_(research_station),2018-09,13
grove_(research_station),2018-10,12
grove_(research_station),2018-11,24
grove_(research_station),2018-12,17
grove_(research_station),2019-01,26
grove_(research_station),2019-02,18
grove_(research_station),2019-03,16
grove_(research_station),2019-04,12
grove_(research_station),2019-05,10
grove_(research_station),2019-06,25
grove_(research_station),2019-07,13
grove_(research_station),2019-08,14
grove_(research_station),2019-09,10
grove_(research_station),2019-10,13
grove_(research_station),2019-11,11
grove_(research_station),2019-12,18
grove_(research_station),2020-01,23
grove_(research_station),2020-02,22
grove_(research_station),2020-03,16
grove_(research_station),2020-04,10
grove_(research_station),2020-05,10
grove_(research_station),2020-06,8
grove_(research_station),2020-07,12
grove_(research_station),2020-08,12
grove_(research_station),2020-09,8
grove_(research_station),2020-10,6
grove_(research_station),2020-11,4
grove_(research_station),2020-12,3
hobart_(ellerslie_road),2010-01,185
hobart_(ellerslie_road),2010-02,205
hobart_(ellerslie_road),2010-03,257
hobart_(ellerslie_road),2010-04,204
hobart_(ellerslie_road),2010-05,250
hobart_(ellerslie_road),2010-06,236
hobart_(ellerslie_road),2010-07,224
hobart_(ellerslie_road),2010-08,224
hobart_(ellerslie_road),2010-09,207
hobart_(ellerslie_road),2010-10,248
hobart_(ellerslie_road),2010-11,239
hobart_(ellerslie_road),2010-12,247
hobart_(ellerslie_road),2011-01,185
hobart_(ellerslie_road),2011-02,227
hobart_(ellerslie_road),2011-03,247
hobart_(ellerslie_road),2011-04,225
hobart_(ellerslie_road),2011-05,229
hobart_(ellerslie_road),2011-06,198
hobart_(ellerslie_road),2011-07,222
hobart_(ellerslie_road),2011-08,204
hobart_(ellerslie_road),2011-09,184
hobart_(ellerslie_road),2011-10,197
hobart_(ellerslie_road),2011-11,225
hobart_(ellerslie_road),2011-12,221
hobart_(ellerslie_road),2012-01,185
hobart_(ellerslie_road),2012-02,171
hobart_(ellerslie_road),2012-03,189
hobart_(ellerslie_road),2012-04,183
hobart_(ellerslie_road),2012-05,215
hobart_(ellerslie_road),2012-06,213
hobart_(ellerslie_road),2012-07,213
hobart_(ellerslie_road),2012-08,203
hobart_(ellerslie_road),2012-09,173
hobart_(ellerslie_road),2012-10,162
hobart_(ellerslie_road),2012-11,188
hobart_(ellerslie_road),2012-12,225
hobart_(ellerslie_road),2013-01,178
hobart_(ellerslie_road),2013-02,173
hobart_(ellerslie_road),2013-03,202
hobart_(ellerslie_road),2013-04,183
hobart_(ellerslie_road),2013-05,189
hobart_(ellerslie_road),2013-06,181
hobart_(ellerslie_road),2013-07,192
hobart_(ellerslie_road),2013-08,203
hobart_(ellerslie_road),2013-09,198
hobart_(ellerslie_road),2013-10,207
hobart_(ellerslie_road),2013-11,187
hobart_(ellerslie_road),2013-12,201
hobart_(ellerslie_road),2014-01,190
hobart_(ellerslie_road),2014-02,180
hobart_(ellerslie_road),2014-03,190
hobart_(ellerslie_road),2014-04,195
hobart_(ellerslie_road),2014-05,230
hobart_(ellerslie_road),2014-06,206
hobart_(ellerslie_road),2014-07,193
hobart_(ellerslie_road),2014-08,230
hobart_(ellerslie_road),2014-09,193
hobart_(ellerslie_road),2014-10,181
hobart_(ellerslie_road),2014-11,199
hobart_(ellerslie_road),2014-12,209
hobart_(ellerslie_road),2015-01,208
hobart_(ellerslie_road),2015-02,217
hobart_(ellerslie_road),2015-03,218
hobart_(ellerslie_road),2015-04,163
hobart_(ellerslie_road),2015-05,233
hobart_(ellerslie_road),2015-06,208
hobart_(ellerslie_road),2015-07,209
hobart_(ellerslie_road),2015-08,211
hobart_(ellerslie_road),2015-09,190
hobart_(ellerslie_road),2015-10,181
hobart_(ellerslie_road),2015-11,218
hobart_(ellerslie_road),2015-12,246
hobart_(ellerslie_road),2016-01,183
hobart_(ellerslie_road),2016-02,201
hobart_(ellerslie_road),2016-03,201
hobart_(ellerslie_road),2016-04,195
hobart_(ellerslie_road),2016-05,203
hobart_(ellerslie_road),2016-06,238
hobart_(ellerslie_road),2016-07,200
hobart_(ellerslie_road),2016-08,217
hobart_(ellerslie_road),2016-09,201
hobart_(ellerslie_road),2016-10,210
hobart_(ellerslie_road),2016-11,224
hobart_(ellerslie_road),2016-12,255
hobart_(ellerslie_road),2017-01,191
hobart_(ellerslie_road),2017-02,208
hobart_(ellerslie_road),2017-03,211
hobart_(ellerslie_road),2017-04,171
hobart_(ellerslie_road),2017-05,231
hobart_(ellerslie_road),2017-06,193
hobart_(ellerslie_road),2017-07,206
hobart_(ellerslie_road),2017-08,225
hobart_(ellerslie_road),2017-09,215
hobart_(ellerslie_road),2017-10,177
hobart_(ellerslie_road),2017-11,202
hobart_(ellerslie_road),2017-12,219
hobart_(ellerslie_road),2018-01,198
hobart_(ellerslie_road),2018-02,199
hobart_(ellerslie_road),2018-03,245
hobart_(ellerslie_road),2018-04,216
hobart_(ellerslie_road),2018-05,259
hobart_(ellerslie_road),2018-06,238
hobart_(ellerslie_road),2018-07,232
hobart_(ellerslie_road),2018-08,212
hobart_(ellerslie_road),2018-09,192
hobart_(ellerslie_road),2018-10,220
hobart_(ellerslie_road),2018-11,238
hobart_(ellerslie_road),2018-12,220
hobart_(ellerslie_road),2019-01,199
hobart_(ellerslie_road),2019-02,197
hobart_(ellerslie_road),2019-03,249
hobart_(ellerslie_road),2019-04,194
hobart_(ellerslie_road),2019-05,215
hobart_(ellerslie_road),2019-06,224
hobart_(ellerslie_road),2019-07,216
hobart_(ellerslie_road),2019-08,248
hobart_(ellerslie_road),2019-09,204
hobart_(ellerslie_road),2019-10,229
hobart_(ellerslie_road),2019-11,247
hobart_(ellerslie_road),2019-12,221
hobart_(ellerslie_road),2020-01,192
hobart_(ellerslie_road),2020-02,233
hobart_(ellerslie_road),2020-03,190
hobart_(ellerslie_road),2020-04,89
hobart_(ellerslie_road),2020-05,111
hobart_(ellerslie_road),2020-06,163
hobart_(ellerslie_road),2020-07,158
hobart_(ellerslie_road),2020-08,182
hobart_(ellerslie_road),2020-09,127
hobart_(ellerslie_road),2020-10,131
hobart_(ellerslie_road),2020-11,124
hobart_(ellerslie_road),2020-12,32
hobart_airport,2010-01,9
hobart_airport,2010-02,10
hobart_airport,2010-03,21
hobart_airport,2010-04,9
hobart_airport,2010-05,11
hobart_airport,2010-06,7
hobart_airport,2010-07,12
hobart_airport,2010-08,7
hobart_airport,2010-09,12
hobart_airport,2010-10,10
hobart_airport,2010-11,4
hobart_airport,2010-12,15
hobart_airport,2011-01,15
hobart_airport,2011-02,6
hobart_airport,2011-03,14
hobart_airport,2011-04,22
hobart_airport,2011-05,6
hobart_airport,2011-06,12
hobart_airport,2011-07,13
hobart_airport,2011-08,12
hobart_airport,2011-09,4
hobart_airport,2011-10,10
hobart_airport,2011-11,13
hobart_airport,2011-12,7
hobart_airport,2012-01,16
hobart_airport,2012-02,8
hobart_airport,2012-03,3
hobart_airport,2012-04,9
hobart_airport,2012-05,7
hobart_airport,2012-06,13
hobart_airport,2012-07,11
hobart_airport,2012-08,3
hobart_airport,2012-09,9
hobart_airport,2012-10,11
hobart_airport,2012-11,13
hobart_airport,2012-12,12
hobart_airport,2013-01,13
hobart_airport,2013-02,12
hobart_airport,2013-03,11
hobart_airport,2013-04,12
hobart_airport,2013-05,21
hobart_airport,2013-06,9
hobart_airport,2013-07,15
hobart_airport,2013-08,10
hobart_airport,2013-09,12
hobart_airport,2013-10,5
hobart_airport,2013-11,11
hobart_airport,2013-12,14
hobart_airport,2014-01,27
hobart_airport,2014-02,9
hobart_airport,2014-03,10
hobart_airport,2014-04,13
hobart_airport,2014-05,10
hobart_airport,2014-06,9
hobart_airport,2014-07,9
hobart_airport,2014-08,11
hobart_airport,2014-09,10
hobart_airport,2014-10,14
hobart_airport,2014-11,12
hobart_airport,2014-12,13
hobart_airport,2015-01,17
hobart_airport,2015-02,11
hobart_airport,2015-03,9
hobart_airport,2015-04,10
hobart_airport,2015-05,9
hobart_airport,2015-06,14
hobart_airport,2015-07,10
hobart_airport,2015-08,7
hobart_airport,2015-09,14
hobart_airport,2015-10,13
hobart_airport,2015-11,13
hobart_airport,2015-12,13
hobart_airport,2016-01,12
hobart_airport,2016-02,17
hobart_airport,2016-03,14
hobart_airport,2016-04,8
hobart_airport,2016-05,8
hobart_airport,2016-06,6
hobart_airport,2016-07,5
hobart_airport,2016-08,13
hobart_airport,2016-09,3
hobart_airport,2016-10,14
hobart_airport,2016-11,14
hobart_airport,2016-12,21
hobart_airport,2017-01,12
hobart_airport,2017-02,11
hobart_airport,2017-03,18
hobart_airport,2017-04,12
hobart_airport,2017-05,10
hobart_airport,2017-06,6
hobart_airport,2017-07,10
hobart_airport,2017-08,11
hobart_airport,2017-09,11
hobart_airport,2017-10,21
hobart_airport,2017-11,7
hobart_airport,2017-12,13
hobart_airport,2018-01,25
hobart_airport,2018-02,8
hobart_airport,2018-03,13
hobart_airport,2018-04,12
hobart_airport,2018-05,14
hobart_airport,2018-06,8
hobart_airport,2018-07,12
hobart_airport,2018-08,14
hobart_airport,2018-09,11
hobart_airport,2018-10,12
hobart_airport,2018-11,14
hobart_airport,2018-12,9
hobart_airport,2019-01,6
hobart_airport,2019-02,11
hobart_airport,2019-03,15
hobart_airport,2019-04,10
hobart_airport,2019-05,15
hobart_airport,2019-06,12
hobart_airport,2019-07,4
hobart_airport,2019-08,9
hobart_airport,2019-09,3
hobart_airport,2019-10,14
hobart_airport,2019-11,14
hobart_airport,2019-12,24
hobart_airport,2020-01,15
hobart_airport,2020-02,17
hobart_airport,2020-03,20
hobart_airport,2020-04,4
hobart_airport,2020-05,4
hobart_airport,2020-06,16
hobart_airport,2020-07,12
hobart_airport,2020-08,10
hobart_airport,2020-09,8
hobart_airport,2020-10,7
hobart_airport,2020-11,7
hobart_airport,2020-12,4
king_island_airport,2010-02,1
king_island_airport,2010-03,1
king_island_airport,2010-06,2
king_island_airport,2010-08,2
king_island_airport,2010-09,1
king_island_airport,2010-10,1
king_island_airport,2010-11,1
king_island_airport,2011-01,3
king_island_airport,2011-02,1
king_island_airport,2011-03,3
king_island_airport,2011-04,2
king_island_airport,2011-05,2
king_island_airport,2011-09,1
king_island_airport,2011-10,1
king_island_airport,2011-12,2
king_island_airport,2012-02,1
king_island_airport,2012-07,4
king_island_airport,2012-09,1
king_island_airport,2012-12,1
king_island_airport,2013-01,4
king_island_airport,2013-07,2
king_island_airport,2013-08,3
king_island_airport,2013-12,1
king_island_airport,2014-01,1
king_island_airport,2014-03,1
king_island_airport,2014-04,2
king_island_airport,2014-06,1
king_island_airport,2014-08,2
king_island_airport,2014-09,1
king_island_airport,2014-10,1
king_island_airport,2014-12,2
king_island_airport,2015-02,1
king_island_airport,2015-03,1
king_island_airport,2015-04,1
king_island_airport,2015-07,1
king_island_airport,2015-08,2
king_island_airport,2015-09,1
king_island_airport,2016-04,2
king_island_airport,2016-05,1
king_island_airport,2016-06,2
king_island_airport,2016-07,4
king_island_airport,2017-02,3
king_island_airport,2017-06,2
king_island_airport,2017-11,2
king_island_airport,2017-12,1
king_island_airport,2018-01,2
king_island_airport,2018-02,1
king_island_airport,2018-03,1
king_island_airport,2018-04,1
king_island_airport,2018-05,1
king_island_airport,2018-06,5
king_island_airport,2018-07,3
king_island_airport,2018-09,3
king_island_airport,2018-12,2
king_island_airport,2019-02,4
king_island_airport,2019-04,2
king_island_airport,2019-05,1
king_island_airport,2019-06,3
king_island_airport,2019-07,1
king_island_airport,2019-08,2
king_island_airport,2019-09,1
king_island_airport,2019-10,1
king_island_airport,2020-02,1
king_island_airport,2020-03,1
king_island_airport,2020-08,2
king_island_airport,2020-12,1
launceston_(ti_tree_bend),2010-01,108
launceston_(ti_tree_bend),2010-02,113
launceston_(ti_tree_bend),2010-03,113
launceston_(ti_tree_bend),2010-04,107
launceston_(ti_tree_bend),2010-05,123
launceston_(ti_tree_bend),2010-06,103
launceston_(ti_tree_bend),2010-07,139
launceston_(ti_tree_bend),2010-08,98
launceston_(ti_tree_bend),2010-09,117
launceston_(ti_tree_bend),2010-10,115
launceston_(ti_tree_bend),2010-11,87
launceston_(ti_tree_bend),2010-12,99
launceston_(ti_tree_bend),2011-01,115
launceston_(ti_tree_bend),2011-02,99
launceston_(ti_tree_bend),2011-03,99
launceston_(ti_tree_bend),2011-04,104
launceston_(ti_tree_bend),2011-05,118
launceston_(ti_tree_bend),2011-06,111
launceston_(ti_tree_bend),2011-07,111
launceston_(ti_tree_bend),2011-08,95
launceston_(ti_tree_bend),2011-09,85
launceston_(ti_tree_bend),2011-10,115
launceston_(ti_tree_bend),2011-11,116
launceston_(ti_tree_bend),2011-12,120
launceston_(ti_tree_bend),2012-01,70
launceston_(ti_tree_bend),2012-02,99
launceston_(ti_tree_bend),2012-03,104
launceston_(ti_tree_bend),2012-04,97
launceston_(ti_tree_bend),2012-05,87
launceston_(ti_tree_bend),2012-06,89
launceston_(ti_tree_bend),2012-07,92
launceston_(ti_tree_bend),2012-08,100
launceston_(ti_tree_bend),2012-09,87
launceston_(ti_tree_bend),2012-10,101
launceston_(ti_tree_bend),2012-11,87
launceston_(ti_tree_bend),2012-12,102
launceston_(ti_tree_bend),2013-01,78
launceston_(ti_tree_bend),2013-02,83
launceston_(ti_tree_bend),2013-03,97
launceston_(ti_tree_bend),2013-04,112
launceston_(ti_tree_bend),2013-05,110
launceston_(ti_tree_bend),2013-06,100
launceston_(ti_tree_bend),2013-07,121
launceston_(ti_tree_bend),2013-08,94
launceston_(ti_tree_bend),2013-09,97
launceston_(ti_tree_bend),2013-10,83
launceston_(ti_tree_bend),2013-11,111
launceston_(ti_tree_bend),2013-12,105
launceston_(ti_tree_bend),2014-01,109
launceston_(ti_tree_bend),2014-02,115
launceston_(ti_tree_bend),2014-03,120
launceston_(ti_tree_bend),2014-04,122
launceston_(ti_tree_bend),2014-05,120
launceston_(ti_tree_bend),2014-06,99
launceston_(ti_tree_bend),2014-07,120
launceston_(ti_tree_bend),2014-08,107
launceston_(ti_tree_bend),2014-09,98
launceston_(ti_tree_bend),2014-10,80
launceston_(ti_tree_bend),2014-11,87
launceston_(ti_tree_bend),2014-12,109
launceston_(ti_tree_bend),2015-01,103
launceston_(ti_tree_bend),2015-02,120
launceston_(ti_tree_bend),2015-03,134
launceston_(ti_tree_bend),2015-04,118
launceston_(ti_tree_bend),2015-05,120
launceston_(ti_tree_bend),2015-06,125
launceston_(ti_tree_bend),2015-07,110
launceston_(ti_tree_bend),2015-08,112
launceston_(ti_tree_bend),2015-09,84
launceston_(ti_tree_bend),2015-10,90
launceston_(ti_tree_bend),2015-11,122
launceston_(ti_tree_bend),2015-12,116
launceston_(ti_tree_bend),2016-01,89
launceston_(ti_tree_bend),2016-02,122
launceston_(ti_tree_bend),2016-03,146
launceston_(ti_tree_bend),2016-04,100
launceston_(ti_tree_bend),2016-05,118
launceston_(ti_tree_bend),2016-06,113
launceston_(ti_tree_bend),2016-07,101
launceston_(ti_tree_bend),2016-08,106
launceston_(ti_tree_bend),2016-09,86
launceston_(ti_tree_bend),2016-10,119
launceston_(ti_tree_bend),2016-11,127
launceston_(ti_tree_bend),2016-12,138
launceston_(ti_tree_bend),2017-01,105
launceston_(ti_tree_bend),2017-02,112
launceston_(ti_tree_bend),2017-03,144
launceston_(ti_tree_bend),2017-04,115
launceston_(ti_tree_bend),2017-05,135
launceston_(ti_tree_bend),2017-06,113
launceston_(ti_tree_bend),2017-07,110
launceston_(ti_tree_bend),2017-08,118
launceston_(ti_tree_bend),2017-09,117
launceston_(ti_tree_bend),2017-10,128
launceston_(ti_tree_bend),2017-11,118
launceston_(ti_tree_bend),2017-12,135
launceston_(ti_tree_bend),2018-01,112
launceston_(ti_tree_bend),2018-02,116
launceston_(ti_tree_bend),2018-03,126
launceston_(ti_tree_bend),2018-04,92
launceston_(ti_tree_bend),2018-05,133
launceston_(ti_tree_bend),2018-06,140
launceston_(ti_tree_bend),2018-07,116
launceston_(ti_tree_bend),2018-08,105
launceston_(ti_tree_bend),2018-09,114
launceston_(ti_tree_bend),2018-10,99
launceston_(ti_tree_bend),2018-11,118
launceston_(ti_tree_bend),2018-12,108
launceston_(ti_tree_bend),2019-01,98
launceston_(ti_tree_bend),2019-02,98
launceston_(ti_tree_bend),2019-03,101
launceston_(ti_tree_bend),2019-04,118
launceston_(ti_tree_bend),2019-05,145
launceston_(ti_tree_bend),2019-06,123
launceston_(ti_tree_bend),2019-07,98
launceston_(ti_tree_bend),2019-08,96
launceston_(ti_tree_bend),2019-09,117
launceston_(ti_tree_bend),2019-10,111
launceston_(ti_tree_bend),2019-11,117
launceston_(ti_tree_bend),2019-12,119
launceston_(ti_tree_bend),2020-01,105
launceston_(ti_tree_bend),2020-02,113
launceston_(ti_tree_bend),2020-03,105
launceston_(ti_tree_bend),2020-04,61
launceston_(ti_tree_bend),2020-05,98
launceston_(ti_tree_bend),2020-06,98
launceston_(ti_tree_bend),2020-07,127
launceston_(ti_tree_bend),2020-08,98
launceston_(ti_tree_bend),2020-09,98
launceston_(ti_tree_bend),2020-10,77
launceston_(ti_tree_bend),2020-11,84
launceston_(ti_tree_bend),2020-12,11
low_head,2010-01,7
low_head,2010-02,6
low_head,2010-03,5
low_head,2010-04,6
low_head,2010-05,1
low_head,2010-06,4
low_head,2010-07,2
low_head,2010-08,1
low_head,2010-09,3
low_head,2010-10,3
low_head,2010-11,4
low_head,2010-12,9
low_head,2011-01,2
low_head,2011-02,4
low_head,2011-03,2
low_head,2011-04,7
low_head,2011-05,7
low_head,2011-06,5
low_head,2011-07,8
low_head,2011-08,6
low_head,2011-09,5
low_head,2011-10,4
low_head,2011-11,6
low_head,2011-12,11
low_head,2012-01,7
low_head,2012-02,7
low_head,2012-03,5
low_head,2012-04,5
low_head,2012-05,5
low_head,2012-06,5
low_head,2012-07,4
low_head,2012-08,4
low_head,2012-09,3
low_head,2012-10,12
low_head,2012-11,3
low_head,2012-12,8
low_head,2013-01,5
low_head,2013-02,3
low_head,2013-03,5
low_head,2013-04,9
low_head,2013-05,10
low_head,2013-06,4
low_head,2013-07,9
low_head,2013-08,1
low_head,2013-09,3
low_head,2013-10,7
low_head,2013-11,7
low_head,2013-12,4
low_head,2014-01,5
low_head,2014-02,4
low_head,2014-03,2
low_head,2014-04,2
low_head,2014-05,8
low_head,2014-06,8
low_head,2014-07,5
low_head,2014-08,2
low_head,2014-09,1
low_head,2014-10,8
low_head,2014-11,8
low_head,2014-12,12
low_head,2015-01,4
low_head,2015-02,6
low_head,2015-03,1
low_head,2015-04,7
low_head,2015-05,5
low_head,2015-06,4
low_head,2015-07,3
low_head,2015-08,5
low_head,2015-09,4
low_head,2015-10,6
low_head,2015-11,5
low_head,2015-12,3
low_head,2016-01,1
low_head,2016-02,1
low_head,2016-03,3
low_head,2016-04,2
low_head,2016-05,6
low_head,2016-06,3
low_head,2016-07,4
low_head,2016-08,8
low_head,2016-09,1
low_head,2016-10,4
low_head,2016-11,2
low_head,2016-12,7
low_head,2017-01,8
low_head,2017-02,3
low_head,2017-03,4
low_head,2017-04,4
low_head,2017-05,5
low_head,2017-06,1
low_head,2017-07,7
low_head,2017-08,9
low_head,2017-09,6
low_head,2017-10,5
low_head,2017-11,7
low_head,2017-12,7
low_head,2018-01,5
low_head,2018-02,7
low_head,2018-03,7
low_head,2018-04,2
low_head,2018-05,4
low_head,2018-06,5
low_head,2018-07,8
low_head,2018-08,5
low_head,2018-09,8
low_head,2018-10,3
low_head,2018-11,8
low_head,2018-12,2
low_head,2019-01,6
low_head,2019-02,5
low_head,2019-03,4
low_head,2019-04,6
low_head,2019-05,4
low_head,2019-06,2
low_head,2019-07,3
low_head,2019-08,3
low_head,2019-09,6
low_head,2019-10,3
low_head,2019-11,10
low_head,2019-12,1
low_head,2020-01,3
low_head,2020-02,2
low_head,2020-03,7
low_head,2020-04,5
low_head,2020-05,2
low_head,2020-06,7
low_head,2020-07,3
low_head,2020-08,4
low_head,2020-09,4
low_head,2020-10,2
low_head,2020-11,1
mount_read,2010-01,6
mount_read,2010-02,11
mount_read,2010-03,15
mount_read,2010-04,9
mount_read,2010-05,5
mount_read,2010-06,4
mount_read,2010-07,4
mount_read,2010-08,5
mount_read,2010-09,5
mount_read,2010-10,3
mount_read,2010-11,5
mount_read,2010-12,9
mount_read,2011-01,8
mount_read,2011-02,16
mount_read,2011-03,11
mount_read,2011-04,12
mount_read,2011-05,10
mount_read,2011-06,7
mount_read,2011-07,3
mount_read,2011-08,5
mount_read,2011-09,5
mount_read,2011-10,8
mount_read,2011-11,13
mount_read,2011-12,4
mount_read,2012-01,8
mount_read,2012-02,10
mount_read,2012-03,6
mount_read,2012-04,7
mount_read,2012-05,5
mount_read,2012-06,6
mount_read,2012-07,8
mount_read,2012-08,7
mount_read,2012-09,8
mount_read,2012-10,11
mount_read,2012-11,4
mount_read,2012-12,6
mount_read,2013-01,11
mount_read,2013-02,13
mount_read,2013-03,10
mount_read,2013-04,2
mount_read,2013-05,5
mount_read,2013-06,4
mount_read,2013-07,5
mount_read,2013-08,10
mount_read,2013-09,4
mount_read,2013-10,9
mount_read,2013-11,4
mount_read,2013-12,4
mount_read,2014-01,3
mount_read,2014-02,12
mount_read,2014-03,8
mount_read,2014-04,5
mount_read,2014-05,5
mount_read,2014-06,4
mount_read,2014-07,4
mount_read,2014-08,1
mount_read,2014-09,7
mount_read,2014-10,7
mount_read,2014-11,4
mount_read,2014-12,6
mount_read,2015-01,8
mount_read,2015-02,8
mount_read,2015-03,6
mount_read,2015-04,7
mount_read,2015-05,7
mount_read,2015-06,5
mount_read,2015-07,9
mount_read,2015-08,4
mount_read,2015-09,3
mount_read,2015-10,5
mount_read,2015-11,10
mount_read,2015-12,7
mount_read,2016-01,3
mount_read,2016-02,16
mount_read,2016-03,5
mount_read,2016-04,2
mount_read,2016-05,5
mount_read,2016-06,3
mount_read,2016-07,5
mount_read,2016-08,4
mount_read,2016-09,4
mount_read,2016-10,3
mount_read,2016-11,5
mount_read,2016-12,9
mount_read,2017-01,9
mount_read,2017-02,7
mount_read,2017-03,14
mount_read,2017-04,8
mount_read,2017-05,2
mount_read,2017-06,5
mount_read,2017-07,3
mount_read,2017-08,3
mount_read,2017-09,5
mount_read,2017-10,9
mount_read,2017-11,4
mount_read,2017-12,7
mount_read,2018-01,6
mount_read,2018-02,5
mount_read,2018-03,2
mount_read,2018-04,5
mount_read,2018-05,5
mount_read,2018-06,3
mount_read,2018-07,9
mount_read,2018-08,8
mount_read,2018-09,4
mount_read,2018-10,10
mount_read,2018-11,9
mount_read,2018-12,6
mount_read,2019-01,8
mount_read,2019-02,12
mount_read,2019-03,8
mount_read,2019-04,6
mount_read,2019-05,5
mount_read,2019-06,3
mount_read,2019-07,2
mount_read,2019-08,2
mount_read,2019-09,4
mount_read,2019-10,12
mount_read,2019-11,6
mount_read,2019-12,5
mount_read,2020-01,5
mount_read,2020-02,4
mount_read,2020-03,8
mount_read,2020-04,2
mount_read,2020-05,4
mount_read,2020-06,8
mount_read,2020-07,5
mount_read,2020-08,7
mount_read,2020-09,3
mount_read,2020-10,3
mount_read,2020-11,3
mount_read,2020-12,2
ouse_fire_station,2010-01,8
ouse_fire_station,2010-02,11
ouse_fire_station,2010-03,10
ouse_fire_station,2010-04,6
ouse_fire_station,2010-05,2
ouse_fire_station,2010-06,8
ouse_fire_station,2010-07,5
ouse_fire_station,2010-08,5
ouse_fire_station,2010-09,9
ouse_fire_station,2010-10,6
ouse_fire_station,2010-11,5
ouse_fire_station,2010-12,5
ouse_fire_station,2011-01,6
ouse_fire_station,2011-02,6
ouse_fire_station,2011-03,9
ouse_fire_station,2011-04,7
ouse_fire_station,2011-05,3
ouse_fire_station,2011-06,4
ouse_fire_station,2011-07,6
ouse_fire_station,2011-08,1
ouse_fire_station,2011-09,5
ouse_fire_station,2011-10,4
ouse_fire_station,2011-11,3
ouse_fire_station,2011-12,6
ouse_fire_station,2012-01,2
ouse_fire_station,2012-02,9
ouse_fire_station,2012-03,3
ouse_fire_station,2012-04,7
ouse_fire_station,2012-05,6
ouse_fire_station,2012-06,4
ouse_fire_station,2012-07,4
ouse_fire_station,2012-08,5
ouse_fire_station,2012-09,4
ouse_fire_station,2012-10,7
ouse_fire_station,2012-12,4
ouse_fire_station,2013-01,3
ouse_fire_station,2013-02,10
ouse_fire_station,2013-03,13
ouse_fire_station,2013-04,3
ouse_fire_station,2013-05,6
ouse_fire_station,2013-06,2
ouse_fire_station,2013-07,5
ouse_fire_station,2013-09,1
ouse_fire_station,2013-10,4
ouse_fire_station,2013-11,4
ouse_fire_station,2013-12,10
ouse_fire_station,2014-01,9
ouse_fire_station,2014-02,4
ouse_fire_station,2014-03,3
ouse_fire_station,2014-04,6
ouse_fire_station,2014-05,3
ouse_fire_station,2014-06,4
ouse_fire_station,2014-07,6
ouse_fire_station,2014-08,6
ouse_fire_station,2014-09,6
ouse_fire_station,2014-10,5
ouse_fire_station,2014-11,6
ouse_fire_station,2014-12,4
ouse_fire_station,2015-01,6
ouse_fire_station,2015-02,10
ouse_fire_station,2015-03,6
ouse_fire_station,2015-04,3
ouse_fire_station,2015-05,2
ouse_fire_station,2015-06,4
ouse_fire_station,2015-07,6
ouse_fire_station,2015-08,3
ouse_fire_station,2015-09,3
ouse_fire_station,2015-10,4
ouse_fire_station,2015-11,4
ouse_fire_station,2015-12,5
ouse_fire_station,2016-01,10
ouse_fire_station,2016-02,9
ouse_fire_station,2016-03,6
ouse_fire_station,2016-04,6
ouse_fire_station,2016-05,5
ouse_fire_station,2016-06,6
ouse_fire_station,2016-07,1
ouse_fire_station,2016-08,4
ouse_fire_station,2016-09,4
ouse_fire_station,2016-10,2
ouse_fire_station,2016-11,8
ouse_fire_station,2016-12,6
ouse_fire_station,2017-01,5
ouse_fire_station,2017-02,5
ouse_fire_station,2017-03,9
ouse_fire_station,2017-04,2
ouse_fire_station,2017-05,2
ouse_fire_station,2017-06,6
ouse_fire_station,2017-07,3
ouse_fire_station,2017-08,3
ouse_fire_station,2017-09,8
ouse_fire_station,2017-10,4
ouse_fire_station,2017-11,5
ouse_fire_station,2017-12,3
ouse_fire_station,2018-01,4
ouse_fire_station,2018-02,2
ouse_fire_station,2018-03,7
ouse_fire_station,2018-04,5
ouse_fire_station,2018-05,2
ouse_fire_station,2018-06,5
ouse_fire_station,2018-07,5
ouse_fire_station,2018-08,7
ouse_fire_station,2018-09,2
ouse_fire_station,2018-10,2
ouse_fire_station,2018-11,3
ouse_fire_station,2018-12,8
ouse_fire_station,2019-01,8
ouse_fire_station,2019-02,7
ouse_fire_station,2019-03,5
ouse_fire_station,2019-04,6
ouse_fire_station,2019-05,9
ouse_fire_station,2019-06,8
ouse_fire_station,2019-07,3
ouse_fire_station,2019-08,4
ouse_fire_station,2019-09,6
ouse_fire_station,2019-10,4
ouse_fire_station,2019-11,4
ouse_fire_station,2019-12,6
ouse_fire_station,2020-01,6
ouse_fire_station,2020-02,7
ouse_fire_station,2020-03,7
ouse_fire_station,2020-04,2
ouse_fire_station,2020-05,1
ouse_fire_station,2020-06,3
ouse_fire_station,2020-07,4
ouse_fire_station,2020-08,4
ouse_fire_station,2020-10,3
ouse_fire_station,2020-11,4
scottsdale_(west_minstone_road),2010-01,4
scottsdale_(west_minstone_road),2010-02,5
scottsdale_(west_minstone_road),2010-03,5
scottsdale_(west_minstone_road),2010-04,11
scottsdale_(west_minstone_road),2010-05,6
scottsdale_(west_minstone_road),2010-06,3
scottsdale_(west_minstone_road),2010-07,6
scottsdale_(west_minstone_road),2010-08,6
scottsdale_(west_minstone_road),2010-09,5
scottsdale_(west_minstone_road),2010-10,5
scottsdale_(west_minstone_road),2010-11,7
scottsdale_(west_minstone_road),2010-12,8
scottsdale_(west_minstone_road),2011-01,5
scottsdale_(west_minstone_road),2011-02,4
scottsdale_(west_minstone_road),2011-03,9
scottsdale_(west_minstone_road),2011-04,3
scottsdale_(west_minstone_road),2011-05,7
scottsdale_(west_minstone_road),2011-06,5
scottsdale_(west_minstone_road),2011-07,5
scottsdale_(west_minstone_road),2011-08,5
scottsdale_(west_minstone_road),2011-09,8
scottsdale_(west_minstone_road),2011-10,5
scottsdale_(west_minstone_road),2011-11,8
scottsdale_(west_minstone_road),2011-12,6
scottsdale_(west_minstone_road),2012-01,4
scottsdale_(west_minstone_road),2012-02,6
scottsdale_(west_minstone_road),2012-03,8
scottsdale_(west_minstone_road),2012-04,5
scottsdale_(west_minstone_road),2012-05,7
scottsdale_(west_minstone_road),2012-06,8
scottsdale_(west_minstone_road),2012-07,4
scottsdale_(west_minstone_road),2012-08,3
scottsdale_(west_minstone_road),2012-09,5
scottsdale_(west_minstone_road),2012-10,8
scottsdale_(west_minstone_road),2012-11,2
scottsdale_(west_minstone_road),2012-12,2
scottsdale_(west_minstone_road),2013-01,8
scottsdale_(west_minstone_road),2013-02,6
scottsdale_(west_minstone_road),2013-03,5
scottsdale_(west_minstone_road),2013-04,8
scottsdale_(west_minstone_road),2013-05,8
scottsdale_(west_minstone_road),2013-06,1
scottsdale_(west_minstone_road),2013-07,6
scottsdale_(west_minstone_road),2013-08,5
scottsdale_(west_minstone_road),2013-09,8
scottsdale_(west_minstone_road),2013-10,4
scottsdale_(west_minstone_road),2013-11,5
scottsdale_(west_minstone_road),2013-12,4
scottsdale_(west_minstone_road),2014-01,9
scottsdale_(west_minstone_road),2014-02,5
scottsdale_(west_minstone_road),2014-03,4
scottsdale_(west_minstone_road),2014-04,7
scottsdale_(west_minstone_road),2014-05,5
scottsdale_(west_minstone_road),2014-06,5
scottsdale_(west_minstone_road),2014-07,6
scottsdale_(west_minstone_road),2014-08,5
scottsdale_(west_minstone_road),2014-09,5
scottsdale_(west_minstone_road),2014-10,6
scottsdale_(west_minstone_road),2014-11,3
scottsdale_(west_minstone_road),2014-12,6
scottsdale_(west_minstone_road),2015-01,10
scottsdale_(west_minstone_road),2015-02,11
scottsdale_(west_minstone_road),2015-03,8
scottsdale_(west_minstone_road),2015-04,2
scottsdale_(west_minstone_road),2015-05,7
scottsdale_(west_minstone_road),2015-06,4
scottsdale_(west_minstone_road),2015-07,5
scottsdale_(west_minstone_road),2015-08,9
scottsdale_(west_minstone_road),2015-09,5
scottsdale_(west_minstone_road),2015-10,4
scottsdale_(west_minstone_road),2015-11,10
scottsdale_(west_minstone_road),2015-12,5
scottsdale_(west_minstone_road),2016-01,4
scottsdale_(west_minstone_road),2016-02,6
scottsdale_(west_minstone_road),2016-03,8
scottsdale_(west_minstone_road),2016-04,7
scottsdale_(west_minstone_road),2016-05,4
scottsdale_(west_minstone_road),2016-06,3
scottsdale_(west_minstone_road),2016-07,5
scottsdale_(west_minstone_road),2016-08,5
scottsdale_(west_minstone_road),2016-09,12
scottsdale_(west_minstone_road),2016-10,7
scottsdale_(west_minstone_road),2016-11,6
scottsdale_(west_minstone_road),2016-12,5
scottsdale_(west_minstone_road),2017-01,8
scottsdale_(west_minstone_road),2017-02,7
scottsdale_(west_minstone_road),2017-03,4
scottsdale_(west_minstone_road),2017-04,10
scottsdale_(west_minstone_road),2017-05,5
scottsdale_(west_minstone_road),2017-06,8
scottsdale_(west_minstone_road),2017-07,5
scottsdale_(west_minstone_road),2017-08,5
scottsdale_(west_minstone_road),2017-09,7
scottsdale_(west_minstone_road),2017-10,5
scottsdale_(west_minstone_road),2017-11,8
scottsdale_(west_minstone_road),2017-12,9
scottsdale_(west_minstone_road),2018-01,7
scottsdale_(west_minstone_road),2018-02,4
scottsdale_(west_minstone_road),2018-03,7
scottsdale_(west_minstone_road),2018-04,3
scottsdale_(west_minstone_road),2018-05,6
scottsdale_(west_minstone_road),2018-06,7
scottsdale_(west_minstone_road),2018-07,8
scottsdale_(west_minstone_road),2018-08,3
scottsdale_(west_minstone_road),2018-09,5
scottsdale_(west_minstone_road),2018-10,7
scottsdale_(west_minstone_road),2018-11,7
scottsdale_(west_minstone_road),2018-12,6
scottsdale_(west_minstone_road),2019-01,8
scottsdale_(west_minstone_road),2019-02,6
scottsdale_(west_minstone_road),2019-03,9
scottsdale_(west_minstone_road),2019-04,5
scottsdale_(west_minstone_road),2019-05,5
scottsdale_(west_minstone_road),2019-06,6
scottsdale_(west_minstone_road),2019-07,4
scottsdale_(west_minstone_road),2019-08,5
scottsdale_(west_minstone_road),2019-09,5
scottsdale_(west_minstone_road),2019-10,6
scottsdale_(west_minstone_road),2019-11,4
scottsdale_(west_minstone_road),2019-12,11
scottsdale_(west_minstone_road),2020-01,12
scottsdale_(west_minstone_road),2020-02,7
scottsdale_(west_minstone_road),2020-03,4
scottsdale_(west_minstone_road),2020-04,2
scottsdale_(west_minstone_road),2020-05,3
scottsdale_(west_minstone_road),2020-06,4
scottsdale_(west_minstone_road),2020-07,6
scottsdale_(west_minstone_road),2020-08,7
scottsdale_(west_minstone_road),2020-09,3
scottsdale_(west_minstone_road),2020-10,5
scottsdale_(west_minstone_road),2020-11,5
scottsdale_(west_minstone_road),2020-12,1
sheffield_school_farm,2010-01,9
sheffield_school_farm,2010-02,11
sheffield_school_farm,2010-03,10
sheffield_school_farm,2010-04,11
sheffield_school_farm,2010-05,3
sheffield_school_farm,2010-06,8
sheffield_school_farm,2010-07,11
sheffield_school_farm,2010-08,4
sheffield_school_farm,2010-09,8
sheffield_school_farm,2010-10,7
sheffield_school_farm,2010-11,8
sheffield_school_farm,2010-12,7
sheffield_school_farm,2011-01,8
sheffield_school_farm,2011-02,6
sheffield_school_farm,2011-03,10
sheffield_school_farm,2011-04,5
sheffield_school_farm,2011-05,12
sheffield_school_farm,2011-06,9
sheffield_school_farm,2011-07,5
sheffield_school_farm,2011-08,6
sheffield_school_farm,2011-09,9
sheffield_school_farm,2011-10,2
sheffield_school_farm,2011-11,6
sheffield_school_farm,2011-12,5
sheffield_school_farm,2012-01,8
sheffield_school_farm,2012-02,14
sheffield_school_farm,2012-03,11
sheffield_school_farm,2012-04,4
sheffield_school_farm,2012-05,4
sheffield_school_farm,2012-06,2
sheffield_school_farm,2012-07,4
sheffield_school_farm,2012-08,9
sheffield_school_farm,2012-09,7
sheffield_school_farm,2012-10,2
sheffield_school_farm,2012-11,5
sheffield_school_farm,2012-12,6
sheffield_school_farm,2013-01,8
sheffield_school_farm,2013-02,8
sheffield_school_farm,2013-03,8
sheffield_school_farm,2013-04,5
sheffield_school_farm,2013-05,7
sheffield_school_farm,2013-06,8
sheffield_school_farm,2013-07,7
sheffield_school_farm,2013-08,5
sheffield_school_farm,2013-09,10
sheffield_school_farm,2013-10,5
sheffield_school_farm,2013-11,8
sheffield_school_farm,2013-12,4
sheffield_school_farm,2014-01,11
sheffield_school_farm,2014-02,9
sheffield_school_farm,2014-03,4
sheffield_school_farm,2014-04,3
sheffield_school_farm,2014-05,8
sheffield_school_farm,2014-06,7
sheffield_school_farm,2014-07,5
sheffield_school_farm,2014-08,5
sheffield_school_farm,2014-09,4
sheffield_school_farm,2014-10,4
sheffield_school_farm,2014-11,10
sheffield_school_farm,2014-12,9
sheffield_school_farm,2015-01,6
sheffield_school_farm,2015-02,7
sheffield_school_farm,2015-03,7
sheffield_school_farm,2015-04,9
sheffield_school_farm,2015-05,5
sheffield_school_farm,2015-06,3
sheffield_school_farm,2015-07,5
sheffield_school_farm,2015-08,4
sheffield_school_farm,2015-09,5
sheffield_school_farm,2015-10,5
sheffield_school_farm,2015-11,5
sheffield_school_farm,2015-12,3
sheffield_school_farm,2016-01,6
sheffield_school_farm,2016-02,5
sheffield_school_farm,2016-03,6
sheffield_school_farm,2016-04,12
sheffield_school_farm,2016-05,4
sheffield_school_farm,2016-06,8
sheffield_school_farm,2016-07,4
sheffield_school_farm,2016-08,3
sheffield_school_farm,2016-09,5
sheffield_school_farm,2016-10,8
sheffield_school_farm,2016-11,7
sheffield_school_farm,2016-12,7
sheffield_school_farm,2017-01,4
sheffield_school_farm,2017-02,6
sheffield_school_farm,2017-03,7
sheffield_school_farm,2017-04,4
sheffield_school_farm,2017-05,7
sheffield_school_farm,2017-06,6
sheffield_school_farm,2017-07,6
sheffield_school_farm,2017-08,3
sheffield_school_farm,2017-09,1
sheffield_school_farm,2017-10,3
sheffield_school_farm,2017-11,4
sheffield_school_farm,2017-12,17
sheffield_school_farm,2018-01,10
sheffield_school_farm,2018-02,10
sheffield_school_farm,2018-03,6
sheffield_school_farm,2018-04,8
sheffield_school_farm,2018-05,9
sheffield_school_farm,2018-06,3
sheffield_school_farm,2018-07,4
sheffield_school_farm,2018-08,8
sheffield_school_farm,2018-09,9
sheffield_school_farm,2018-10,4
sheffield_school_farm,2018-11,4
sheffield_school_farm,2018-12,8
sheffield_school_farm,2019-01,9
sheffield_school_farm,2019-02,8
sheffield_school_farm,2019-03,8
sheffield_school_farm,2019-04,6
sheffield_school_farm,2019-05,5
sheffield_school_farm,2019-06,15
sheffield_school_farm,2019-07,3
sheffield_school_farm,2019-08,8
sheffield_school_farm,2019-09,10
sheffield_school_farm,2019-10,6
sheffield_school_farm,2019-11,6
sheffield_school_farm,2019-12,5
sheffield_school_farm,2020-01,13
sheffield_school_farm,2020-02,8
sheffield_school_farm,2020-03,9
sheffield_school_farm,2020-04,4
sheffield_school_farm,2020-05,4
sheffield_school_farm,2020-06,2
sheffield_school_farm,2020-07,9
sheffield_school_farm,2020-08,7
sheffield_school_farm,2020-09,7
sheffield_school_farm,2020-10,4
sheffield_school_farm,2020-11,4
sheffield_school_farm,2020-12,1
smithton_aerodrome,2010-01,10
smithton_aerodrome,2010-02,9
smithton_aerodrome,2010-03,12
smithton_aerodrome,2010-04,11
smithton_aerodrome,2010-05,7
smithton_aerodrome,2010-06,7
smithton_aerodrome,2010-07,7
smithton_aerodrome,2010-08,3
smithton_aerodrome,2010-09,4
smithton_aerodrome,2010-10,9
smithton_aerodrome,2010-11,9
smithton_aerodrome,2010-12,9
smithton_aerodrome,2011-01,8
smithton_aerodrome,2011-02,7
smithton_aerodrome,2011-03,8
smithton_aerodrome,2011-04,6
smithton_aerodrome,2011-05,8
smithton_aerodrome,2011-06,3
smithton_aerodrome,2011-07,6
smithton_aerodrome,2011-08,12
smithton_aerodrome,2011-09,3
smithton_aerodrome,2011-10,10
smithton_aerodrome,2011-11,8
smithton_aerodrome,2011-12,12
smithton_aerodrome,2012-01,7
smithton_aerodrome,2012-02,4
smithton_aerodrome,2012-03,11
smithton_aerodrome,2012-04,6
smithton_aerodrome,2012-05,5
smithton_aerodrome,2012-06,11
smithton_aerodrome,2012-07,4
smithton_aerodrome,2012-08,9
smithton_aerodrome,2012-09,5
smithton_aerodrome,2012-10,10
smithton_aerodrome,2012-11,12
smithton_aerodrome,2012-12,6
smithton_aerodrome,2013-01,9
smithton_aerodrome,2013-02,6
smithton_aerodrome,2013-03,9
smithton_aerodrome,2013-04,6
smithton_aerodrome,2013-05,10
smithton_aerodrome,2013-06,12
smithton_aerodrome,2013-07,5
smithton_aerodrome,2013-08,9
smithton_aerodrome,2013-09,6
smithton_aerodrome,2013-10,2
smithton_aerodrome,2013-11,8
smithton_aerodrome,2013-12,9
smithton_aerodrome,2014-01,7
smithton_aerodrome,2014-02,5
smithton_aerodrome,2014-03,6
smithton_aerodrome,2014-04,15
smithton_aerodrome,2014-05,3
smithton_aerodrome,2014-06,11
smithton_aerodrome,2014-07,5
smithton_aerodrome,2014-08,8
smithton_aerodrome,2014-09,8
smithton_aerodrome,2014-10,14
smithton_aerodrome,2014-11,11
smithton_aerodrome,2014-12,5
smithton_aerodrome,2015-01,7
smithton_aerodrome,2015-02,7
smithton_aerodrome,2015-03,10
smithton_aerodrome,2015-04,7
smithton_aerodrome,2015-05,6
smithton_aerodrome,2015-06,5
smithton_aerodrome,2015-07,9
smithton_aerodrome,2015-08,9
smithton_aerodrome,2015-09,6
smithton_aerodrome,2015-10,8
smithton_aerodrome,2015-11,7
smithton_aerodrome,2015-12,8
smithton_aerodrome,2016-01,16
smithton_aerodrome,2016-02,9
smithton_aerodrome,2016-03,9
smithton_aerodrome,2016-04,8
smithton_aerodrome,2016-05,8
smithton_aerodrome,2016-06,9
smithton_aerodrome,2016-07,8
smithton_aerodrome,2016-08,10
smithton_aerodrome,2016-09,10
smithton_aerodrome,2016-10,5
smithton_aerodrome,2016-11,5
smithton_aerodrome,2016-12,5
smithton_aerodrome,2017-01,5
smithton_aerodrome,2017-02,8
smithton_aerodrome,2017-03,19
smithton_aerodrome,2017-04,6
smithton_aerodrome,2017-05,7
smithton_aerodrome,2017-06,3
smithton_aerodrome,2017-07,3
smithton_aerodrome,2017-08,5
smithton_aerodrome,2017-09,3
smithton_aerodrome,2017-10,5
smithton_aerodrome,2017-11,3
smithton_aerodrome,2017-12,13
smithton_aerodrome,2018-01,6
smithton_aerodrome,2018-02,7
smithton_aerodrome,2018-03,12
smithton_aerodrome,2018-04,7
smithton_aerodrome,2018-05,6
smithton_aerodrome,2018-06,8
smithton_aerodrome,2018-07,5
smithton_aerodrome,2018-08,6
smithton_aerodrome,2018-09,7
smithton_aerodrome,2018-10,5
smithton_aerodrome,2018-11,12
smithton_aerodrome,2018-12,6
smithton_aerodrome,2019-01,13
smithton_aerodrome,2019-02,8
smithton_aerodrome,2019-03,11
smithton_aerodrome,2019-04,8
smithton_aerodrome,2019-05,11
smithton_aerodrome,2019-06,8
smithton_aerodrome,2019-07,5
smithton_aerodrome,2019-08,4
smithton_aerodrome,2019-09,5
smithton_aerodrome,2019-10,8
smithton_aerodrome,2019-11,6
smithton_aerodrome,2019-12,9
smithton_aerodrome,2020-01,6
smithton_aerodrome,2020-02,7
smithton_aerodrome,2020-03,7
smithton_aerodrome,2020-04,7
smithton_aerodrome,2020-05,8
smithton_aerodrome,2020-06,5
smithton_aerodrome,2020-07,9
smithton_aerodrome,2020-08,4
smithton_aerodrome,2020-09,1
smithton_aerodrome,2020-10,8
smithton_aerodrome,2020-11,5
smithton_aerodrome,2020-12,1
tunnack_fire_station,2010-01,13
tunnack_fire_station,2010-02,11
tunnack_fire_station,2010-03,4
tunnack_fire_station,2010-04,7
tunnack_fire_station,2010-05,6
tunnack_fire_station,2010-06,2
tunnack_fire_station,2010-07,8
tunnack_fire_station,2010-08,4
tunnack_fire_station,2010-09,3
tunnack_fire_station,2010-10,6
tunnack_fire_station,2010-11,1
tunnack_fire_station,2010-12,2
tunnack_fire_station,2011-01,5
tunnack_fire_station,2011-02,9
tunnack_fire_station,2011-03,8
tunnack_fire_station,2011-04,4
tunnack_fire_station,2011-05,7
tunnack_fire_station,2011-06,4
tunnack_fire_station,2011-07,7
tunnack_fire_station,2011-08,5
tunnack_fire_station,2011-09,8
tunnack_fire_station,2011-10,3
tunnack_fire_station,2011-11,6
tunnack_fire_station,2011-12,7
tunnack_fire_station,2012-01,7
tunnack_fire_station,2012-02,4
tunnack_fire_station,2012-03,16
tunnack_fire_station,2012-04,3
tunnack_fire_station,2012-05,3
tunnack_fire_station,2012-06,6
tunnack_fire_station,2012-07,8
tunnack_fire_station,2012-08,7
tunnack_fire_station,2012-09,4
tunnack_fire_station,2012-10,8
tunnack_fire_station,2012-11,8
tunnack_fire_station,2012-12,9
tunnack_fire_station,2013-01,8
tunnack_fire_station,2013-02,9
tunnack_fire_station,2013-03,7
tunnack_fire_station,2013-04,3
tunnack_fire_station,2013-05,3
tunnack_fire_station,2013-06,9
tunnack_fire_station,2013-07,6
tunnack_fire_station,2013-08,6
tunnack_fire_station,2013-09,8
tunnack_fire_station,2013-10,4
tunnack_fire_station,2013-11,6
tunnack_fire_station,2013-12,7
tunnack_fire_station,2014-01,8
tunnack_fire_station,2014-02,8
tunnack_fire_station,2014-03,9
tunnack_fire_station,2014-04,7
tunnack_fire_station,2014-05,4
tunnack_fire_station,2014-06,7
tunnack_fire_station,2014-07,8
tunnack_fire_station,2014-08,5
tunnack_fire_station,2014-09,3
tunnack_fire_station,2014-10,3
tunnack_fire_station,2014-11,8
tunnack_fire_station,2014-12,6
tunnack_fire_station,2015-01,6
tunnack_fire_station,2015-02,10
tunnack_fire_station,2015-03,9
tunnack_fire_station,2015-04,13
tunnack_fire_station,2015-05,5
tunnack_fire_station,2015-06,5
tunnack_fire_station,2015-07,7
tunnack_fire_station,2015-08,6
tunnack_fire_station,2015-09,7
tunnack_fire_station,2015-10,7
tunnack_fire_station,2015-11,4
tunnack_fire_station,2015-12,12
tunnack_fire_station,2016-01,10
tunnack_fire_station,2016-02,5
tunnack_fire_station,2016-03,10
tunnack_fire_station,2016-04,5
tunnack_fire_station,2016-05,6
tunnack_fire_station,2016-06,3
tunnack_fire_station,2016-07,8
tunnack_fire_station,2016-08,6
tunnack_fire_station,2016-09,10
tunnack_fire_station,2016-10,8
tunnack_fire_station,2016-11,3
tunnack_fire_station,2016-12,10
tunnack_fire_station,2017-01,7
tunnack_fire_station,2017-02,3
tunnack_fire_station,2017-03,11
tunnack_fire_station,2017-04,9
tunnack_fire_station,2017-05,3
tunnack_fire_station,2017-06,6
tunnack_fire_station,2017-07,6
tunnack_fire_station,2017-08,8
tunnack_fire_station,2017-09,8
tunnack_fire_station,2017-10,7
tunnack_fire_station,2017-11,6
tunnack_fire_station,2017-12,14
tunnack_fire_station,2018-01,4
tunnack_fire_station,2018-02,10
tunnack_fire_station,2018-03,6
tunnack_fire_station,2018-04,7
tunnack_fire_station,2018-05,7
tunnack_fire_station,2018-06,5
tunnack_fire_station,2018-07,6
tunnack_fire_station,2018-08,4
tunnack_fire_station,2018-09,6
tunnack_fire_station,2018-10,7
tunnack_fire_station,2018-11,7
tunnack_fire_station,2018-12,8
tunnack_fire_station,2019-01,11
tunnack_fire_station,2019-02,10
tunnack_fire_station,2019-03,12
tunnack_fire_station,2019-04,5
tunnack_fire_station,2019-05,9
tunnack_fire_station,2019-06,5
tunnack_fire_station,2019-07,5
tunnack_fire_station,2019-08,5
tunnack_fire_station,2019-09,4
tunnack_fire_station,2019-10,10
tunnack_fire_station,2019-11,6
tunnack_fire_station,2019-12,11
tunnack_fire_station,2020-01,10
tunnack_fire_station,2020-02,10
tunnack_fire_station,2020-03,12
tunnack_fire_station,2020-04,3
tunnack_fire_station,2020-05,7
tunnack_fire_station,2020-06,7
tunnack_fire_station,2020-07,7
tunnack_fire_station,2020-08,6
tunnack_fire_station,2020-09,3
tunnack_fire_station,2020-10,7
tunnack_fire_station,2020-11,3
tunnack_fire_station,2020-12,1
wynyard_airport,2010-01,27
wynyard_airport,2010-02,37
wynyard_airport,2010-03,45
wynyard_airport,2010-04,36
wynyard_airport,2010-05,43
wynyard_airport,2010-06,48
wynyard_airport,2010-07,38
wynyard_airport,2010-08,41
wynyard_airport,2010-09,30
wynyard_airport,2010-10,25
wynyard_airport,2010-11,38
wynyard_airport,2010-12,42
wynyard_airport,2011-01,39
wynyard_airport,2011-02,30
wynyard_airport,2011-03,31
wynyard_airport,2011-04,34
wynyard_airport,2011-05,31
wynyard_airport,2011-06,32
wynyard_airport,2011-07,32
wynyard_airport,2011-08,27
wynyard_airport,2011-09,32
wynyard_airport,2011-10,27
wynyard_airport,2011-11,33
wynyard_airport,2011-12,50
wynyard_airport,2012-01,38
wynyard_airport,2012-02,30
wynyard_airport,2012-03,49
wynyard_airport,2012-04,26
wynyard_airport,2012-05,31
wynyard_airport,2012-06,15
wynyard_airport,2012-07,33
wynyard_airport,2012-08,25
wynyard_airport,2012-09,22
wynyard_airport,2012-10,27
wynyard_airport,2012-11,23
wynyard_airport,2012-12,39
wynyard_airport,2013-01,26
wynyard_airport,2013-02,34
wynyard_airport,2013-03,33
wynyard_airport,2013-04,23
wynyard_airport,2013-05,25
wynyard_airport,2013-06,41
wynyard_airport,2013-07,38
wynyard_airport,2013-08,29
wynyard_airport,2013-09,26
wynyard_airport,2013-10,34
wynyard_airport,2013-11,33
wynyard_airport,2013-12,37
wynyard_airport,2014-01,30
wynyard_airport,2014-02,39
wynyard_airport,2014-03,35
wynyard_airport,2014-04,33
wynyard_airport,2014-05,33
wynyard_airport,2014-06,31
wynyard_airport,2014-07,25
wynyard_airport,2014-08,30
wynyard_airport,2014-09,24
wynyard_airport,2014-10,24
wynyard_airport,2014-11,32
wynyard_airport,2014-12,27
wynyard_airport,2015-01,31
wynyard_airport,2015-02,34
wynyard_airport,2015-03,39
wynyard_airport,2015-04,28
wynyard_airport,2015-05,34
wynyard_airport,2015-06,35
wynyard_airport,2015-07,24
wynyard_airport,2015-08,31
wynyard_airport,2015-09,24
wynyard_airport,2015-10,36
wynyard_airport,2015-11,36
wynyard_airport,2015-12,31
wynyard_airport,2016-01,25
wynyard_airport,2016-02,35
wynyard_airport,2016-03,33
wynyard_airport,2016-04,35
wynyard_airport,2016-05,27
wynyard_airport,2016-06,32
wynyard_airport,2016-07,23
wynyard_airport,2016-08,32
wynyard_airport,2016-09,29
wynyard_airport,2016-10,49
wynyard_airport,2016-11,27
wynyard_airport,2016-12,42
wynyard_airport,2017-01,29
wynyard_airport,2017-02,26
wynyard_airport,2017-03,41
wynyard_airport,2017-04,28
wynyard_airport,2017-05,26
wynyard_airport,2017-06,31
wynyard_airport,2017-07,38
wynyard_airport,2017-08,18
wynyard_airport,2017-09,24
wynyard_airport,2017-10,35
wynyard_airport,2017-11,26
wynyard_airport,2017-12,39
wynyard_airport,2018-01,39
wynyard_airport,2018-02,41
wynyard_airport,2018-03,32
wynyard_airport,2018-04,28
wynyard_airport,2018-05,34
wynyard_airport,2018-06,35
wynyard_airport,2018-07,30
wynyard_airport,2018-08,30
wynyard_airport,2018-09,35
wynyard_airport,2018-10,20
wynyard_airport,2018-11,33
wynyard_airport,2018-12,30
wynyard_airport,2019-01,30
wynyard_airport,2019-02,38
wynyard_airport,2019-03,34
wynyard_airport,2019-04,29
wynyard_airport,2019-05,37
wynyard_airport,2019-06,36
wynyard_airport,2019-07,39
wynyard_airport,2019-08,23
wynyard_airport,2019-09,34
wynyard_airport,2019-10,31
wynyard_airport,2019-11,35
wynyard_airport,2019-12,36
wynyard_airport,2020-01,25
wynyard_airport,2020-02,32
wynyard_airport,2020-03,37
wynyard_airport,2020-04,14
wynyard_airport,2020-05,21
wynyard_airport,2020-06,40
wynyard_airport,2020-07,35
wynyard_airport,2020-08,36
wynyard_airport,2020-09,28
wynyard_airport,2020-10,25
wynyard_airport,2020-11,21
wynyard_airport,2020-12,12
