 location_description,date_month,count
Brighton,2010-01,13
Brighton,2010-02,7
Brighton,2010-03,18
Brighton,2010-04,9
Brighton,2010-05,7
Brighton,2010-06,14
Brighton,2010-07,14
Brighton,2010-08,13
Brighton,2010-09,11
Brighton,2010-10,14
Brighton,2010-11,16
Brighton,2010-12,12
Brighton,2011-01,8
Brighton,2011-02,10
Brighton,2011-03,9
Brighton,2011-04,10
Brighton,2011-05,10
Brighton,2011-06,19
Brighton,2011-07,9
Brighton,2011-08,11
Brighton,2011-09,6
Brighton,2011-10,10
Brighton,2011-11,10
Brighton,2011-12,9
Brighton,2012-01,10
Brighton,2012-02,6
Brighton,2012-03,8
Brighton,2012-04,12
Brighton,2012-05,19
Brighton,2012-06,6
Brighton,2012-07,13
Brighton,2012-08,11
Brighton,2012-09,10
Brighton,2012-10,7
Brighton,2012-11,9
Brighton,2012-12,8
Brighton,2013-01,17
Brighton,2013-02,8
Brighton,2013-03,6
Brighton,2013-04,9
Brighton,2013-05,15
Brighton,2013-06,9
Brighton,2013-07,14
Brighton,2013-08,8
Brighton,2013-09,10
Brighton,2013-10,5
Brighton,2013-11,9
Brighton,2013-12,10
Brighton,2014-01,7
Brighton,2014-02,9
Brighton,2014-03,18
Brighton,2014-04,9
Brighton,2014-05,11
Brighton,2014-06,18
Brighton,2014-07,4
Brighton,2014-08,10
Brighton,2014-09,9
Brighton,2014-10,13
Brighton,2014-11,11
Brighton,2014-12,9
Brighton,2015-01,12
Brighton,2015-02,5
Brighton,2015-03,15
Brighton,2015-04,10
Brighton,2015-05,10
Brighton,2015-06,8
Brighton,2015-07,10
Brighton,2015-08,17
Brighton,2015-09,3
Brighton,2015-10,10
Brighton,2015-11,6
Brighton,2015-12,6
Brighton,2016-01,8
Brighton,2016-02,8
Brighton,2016-03,11
Brighton,2016-04,11
Brighton,2016-05,7
Brighton,2016-06,15
Brighton,2016-07,9
Brighton,2016-08,13
Brighton,2016-09,17
Brighton,2016-10,13
Brighton,2016-11,13
Brighton,2016-12,11
Brighton,2017-01,10
Brighton,2017-02,14
Brighton,2017-03,14
Brighton,2017-04,6
Brighton,2017-05,15
Brighton,2017-06,10
Brighton,2017-07,10
Brighton,2017-08,11
Brighton,2017-09,15
Brighton,2017-10,13
Brighton,2017-11,10
Brighton,2017-12,10
Brighton,2018-01,8
Brighton,2018-02,16
Brighton,2018-03,12
Brighton,2018-04,10
Brighton,2018-05,12
Brighton,2018-06,13
Brighton,2018-07,6
Brighton,2018-08,14
Brighton,2018-09,9
Brighton,2018-10,12
Brighton,2018-11,9
Brighton,2018-12,15
Brighton,2019-01,10
Brighton,2019-02,9
Brighton,2019-03,15
Brighton,2019-04,11
Brighton,2019-05,7
Brighton,2019-06,10
Brighton,2019-07,9
Brighton,2019-08,16
Brighton,2019-09,8
Brighton,2019-10,16
Brighton,2019-11,17
Brighton,2019-12,17
Brighton,2020-01,10
Brighton,2020-02,8
Brighton,2020-03,16
Brighton,2020-04,10
Brighton,2020-05,10
Brighton,2020-06,16
Brighton,2020-07,17
Brighton,2020-08,11
Brighton,2020-09,4
Brighton,2020-10,10
Brighton,2020-11,5
Brighton,2020-12,4
Burnie,2010-01,14
Burnie,2010-02,29
Burnie,2010-03,29
Burnie,2010-04,26
Burnie,2010-05,29
Burnie,2010-06,30
Burnie,2010-07,23
Burnie,2010-08,29
Burnie,2010-09,20
Burnie,2010-10,17
Burnie,2010-11,21
Burnie,2010-12,22
Burnie,2011-01,30
Burnie,2011-02,20
Burnie,2011-03,16
Burnie,2011-04,22
Burnie,2011-05,26
Burnie,2011-06,22
Burnie,2011-07,23
Burnie,2011-08,23
Burnie,2011-09,20
Burnie,2011-10,14
Burnie,2011-11,19
Burnie,2011-12,31
Burnie,2012-01,17
Burnie,2012-02,17
Burnie,2012-03,30
Burnie,2012-04,20
Burnie,2012-05,21
Burnie,2012-06,11
Burnie,2012-07,23
Burnie,2012-08,17
Burnie,2012-09,16
Burnie,2012-10,18
Burnie,2012-11,18
Burnie,2012-12,22
Burnie,2013-01,11
Burnie,2013-02,23
Burnie,2013-03,21
Burnie,2013-04,15
Burnie,2013-05,12
Burnie,2013-06,28
Burnie,2013-07,19
Burnie,2013-08,19
Burnie,2013-09,17
Burnie,2013-10,20
Burnie,2013-11,23
Burnie,2013-12,29
Burnie,2014-01,18
Burnie,2014-02,22
Burnie,2014-03,18
Burnie,2014-04,29
Burnie,2014-05,23
Burnie,2014-06,27
Burnie,2014-07,15
Burnie,2014-08,14
Burnie,2014-09,17
Burnie,2014-10,14
Burnie,2014-11,21
Burnie,2014-12,14
Burnie,2015-01,18
Burnie,2015-02,19
Burnie,2015-03,25
Burnie,2015-04,17
Burnie,2015-05,22
Burnie,2015-06,19
Burnie,2015-07,17
Burnie,2015-08,21
Burnie,2015-09,16
Burnie,2015-10,28
Burnie,2015-11,21
Burnie,2015-12,18
Burnie,2016-01,17
Burnie,2016-02,17
Burnie,2016-03,22
Burnie,2016-04,19
Burnie,2016-05,16
Burnie,2016-06,19
Burnie,2016-07,14
Burnie,2016-08,20
Burnie,2016-09,18
Burnie,2016-10,28
Burnie,2016-11,15
Burnie,2016-12,31
Burnie,2017-01,19
Burnie,2017-02,14
Burnie,2017-03,23
Burnie,2017-04,18
Burnie,2017-05,15
Burnie,2017-06,21
Burnie,2017-07,23
Burnie,2017-08,12
Burnie,2017-09,20
Burnie,2017-10,23
Burnie,2017-11,21
Burnie,2017-12,19
Burnie,2018-01,21
Burnie,2018-02,29
Burnie,2018-03,19
Burnie,2018-04,19
Burnie,2018-05,23
Burnie,2018-06,28
Burnie,2018-07,22
Burnie,2018-08,20
Burnie,2018-09,24
Burnie,2018-10,11
Burnie,2018-11,24
Burnie,2018-12,18
Burnie,2019-01,19
Burnie,2019-02,30
Burnie,2019-03,22
Burnie,2019-04,16
Burnie,2019-05,25
Burnie,2019-06,25
Burnie,2019-07,25
Burnie,2019-08,19
Burnie,2019-09,27
Burnie,2019-10,24
Burnie,2019-11,20
Burnie,2019-12,26
Burnie,2020-01,16
Burnie,2020-02,19
Burnie,2020-03,21
Burnie,2020-04,11
Burnie,2020-05,17
Burnie,2020-06,28
Burnie,2020-07,20
Burnie,2020-08,28
Burnie,2020-09,21
Burnie,2020-10,15
Burnie,2020-11,11
Burnie,2020-12,7
Central Coast,2010-01,17
Central Coast,2010-02,16
Central Coast,2010-03,23
Central Coast,2010-04,17
Central Coast,2010-05,12
Central Coast,2010-06,18
Central Coast,2010-07,15
Central Coast,2010-08,16
Central Coast,2010-09,14
Central Coast,2010-10,18
Central Coast,2010-11,19
Central Coast,2010-12,13
Central Coast,2011-01,16
Central Coast,2011-02,14
Central Coast,2011-03,11
Central Coast,2011-04,16
Central Coast,2011-05,17
Central Coast,2011-06,12
Central Coast,2011-07,11
Central Coast,2011-08,18
Central Coast,2011-09,10
Central Coast,2011-10,17
Central Coast,2011-11,17
Central Coast,2011-12,10
Central Coast,2012-01,15
Central Coast,2012-02,19
Central Coast,2012-03,13
Central Coast,2012-04,15
Central Coast,2012-05,14
Central Coast,2012-06,17
Central Coast,2012-07,13
Central Coast,2012-08,20
Central Coast,2012-09,8
Central Coast,2012-10,18
Central Coast,2012-11,18
Central Coast,2012-12,12
Central Coast,2013-01,14
Central Coast,2013-02,18
Central Coast,2013-03,12
Central Coast,2013-04,25
Central Coast,2013-05,23
Central Coast,2013-06,10
Central Coast,2013-07,13
Central Coast,2013-08,10
Central Coast,2013-09,16
Central Coast,2013-10,9
Central Coast,2013-11,12
Central Coast,2013-12,14
Central Coast,2014-01,10
Central Coast,2014-02,18
Central Coast,2014-03,20
Central Coast,2014-04,14
Central Coast,2014-05,22
Central Coast,2014-06,15
Central Coast,2014-07,14
Central Coast,2014-08,7
Central Coast,2014-09,14
Central Coast,2014-10,20
Central Coast,2014-11,12
Central Coast,2014-12,13
Central Coast,2015-01,18
Central Coast,2015-02,16
Central Coast,2015-03,22
Central Coast,2015-04,17
Central Coast,2015-05,20
Central Coast,2015-06,17
Central Coast,2015-07,17
Central Coast,2015-08,13
Central Coast,2015-09,14
Central Coast,2015-10,4
Central Coast,2015-11,16
Central Coast,2015-12,10
Central Coast,2016-01,19
Central Coast,2016-02,14
Central Coast,2016-03,6
Central Coast,2016-04,16
Central Coast,2016-05,22
Central Coast,2016-06,17
Central Coast,2016-07,12
Central Coast,2016-08,16
Central Coast,2016-09,19
Central Coast,2016-10,14
Central Coast,2016-11,28
Central Coast,2016-12,17
Central Coast,2017-01,8
Central Coast,2017-02,13
Central Coast,2017-03,15
Central Coast,2017-04,17
Central Coast,2017-05,16
Central Coast,2017-06,15
Central Coast,2017-07,23
Central Coast,2017-08,19
Central Coast,2017-09,11
Central Coast,2017-10,14
Central Coast,2017-11,17
Central Coast,2017-12,17
Central Coast,2018-01,17
Central Coast,2018-02,11
Central Coast,2018-03,9
Central Coast,2018-04,13
Central Coast,2018-05,15
Central Coast,2018-06,20
Central Coast,2018-07,17
Central Coast,2018-08,21
Central Coast,2018-09,10
Central Coast,2018-10,20
Central Coast,2018-11,16
Central Coast,2018-12,8
Central Coast,2019-01,7
Central Coast,2019-02,13
Central Coast,2019-03,15
Central Coast,2019-04,14
Central Coast,2019-05,15
Central Coast,2019-06,16
Central Coast,2019-07,22
Central Coast,2019-08,5
Central Coast,2019-09,12
Central Coast,2019-10,16
Central Coast,2019-11,12
Central Coast,2019-12,13
Central Coast,2020-01,16
Central Coast,2020-02,22
Central Coast,2020-03,22
Central Coast,2020-04,5
Central Coast,2020-05,13
Central Coast,2020-06,19
Central Coast,2020-07,10
Central Coast,2020-08,18
Central Coast,2020-09,10
Central Coast,2020-10,16
Central Coast,2020-11,6
Central Coast,2020-12,4
Central Highlands,2010-01,8
Central Highlands,2010-02,11
Central Highlands,2010-03,10
Central Highlands,2010-04,6
Central Highlands,2010-05,2
Central Highlands,2010-06,8
Central Highlands,2010-07,5
Central Highlands,2010-08,5
Central Highlands,2010-09,9
Central Highlands,2010-10,6
Central Highlands,2010-11,5
Central Highlands,2010-12,5
Central Highlands,2011-01,6
Central Highlands,2011-02,6
Central Highlands,2011-03,9
Central Highlands,2011-04,7
Central Highlands,2011-05,3
Central Highlands,2011-06,4
Central Highlands,2011-07,6
Central Highlands,2011-08,1
Central Highlands,2011-09,5
Central Highlands,2011-10,4
Central Highlands,2011-11,3
Central Highlands,2011-12,6
Central Highlands,2012-01,2
Central Highlands,2012-02,9
Central Highlands,2012-03,3
Central Highlands,2012-04,7
Central Highlands,2012-05,6
Central Highlands,2012-06,4
Central Highlands,2012-07,4
Central Highlands,2012-08,5
Central Highlands,2012-09,4
Central Highlands,2012-10,7
Central Highlands,2012-12,4
Central Highlands,2013-01,3
Central Highlands,2013-02,10
Central Highlands,2013-03,13
Central Highlands,2013-04,3
Central Highlands,2013-05,6
Central Highlands,2013-06,2
Central Highlands,2013-07,5
Central Highlands,2013-09,1
Central Highlands,2013-10,4
Central Highlands,2013-11,4
Central Highlands,2013-12,10
Central Highlands,2014-01,9
Central Highlands,2014-02,4
Central Highlands,2014-03,3
Central Highlands,2014-04,6
Central Highlands,2014-05,3
Central Highlands,2014-06,4
Central Highlands,2014-07,6
Central Highlands,2014-08,6
Central Highlands,2014-09,6
Central Highlands,2014-10,5
Central Highlands,2014-11,6
Central Highlands,2014-12,4
Central Highlands,2015-01,6
Central Highlands,2015-02,10
Central Highlands,2015-03,6
Central Highlands,2015-04,3
Central Highlands,2015-05,2
Central Highlands,2015-06,4
Central Highlands,2015-07,6
Central Highlands,2015-08,3
Central Highlands,2015-09,3
Central Highlands,2015-10,4
Central Highlands,2015-11,4
Central Highlands,2015-12,5
Central Highlands,2016-01,10
Central Highlands,2016-02,9
Central Highlands,2016-03,6
Central Highlands,2016-04,6
Central Highlands,2016-05,5
Central Highlands,2016-06,6
Central Highlands,2016-07,1
Central Highlands,2016-08,4
Central Highlands,2016-09,4
Central Highlands,2016-10,2
Central Highlands,2016-11,8
Central Highlands,2016-12,6
Central Highlands,2017-01,5
Central Highlands,2017-02,5
Central Highlands,2017-03,9
Central Highlands,2017-04,2
Central Highlands,2017-05,2
Central Highlands,2017-06,6
Central Highlands,2017-07,3
Central Highlands,2017-08,3
Central Highlands,2017-09,8
Central Highlands,2017-10,4
Central Highlands,2017-11,5
Central Highlands,2017-12,3
Central Highlands,2018-01,4
Central Highlands,2018-02,2
Central Highlands,2018-03,7
Central Highlands,2018-04,5
Central Highlands,2018-05,2
Central Highlands,2018-06,5
Central Highlands,2018-07,5
Central Highlands,2018-08,7
Central Highlands,2018-09,2
Central Highlands,2018-10,2
Central Highlands,2018-11,3
Central Highlands,2018-12,8
Central Highlands,2019-01,8
Central Highlands,2019-02,7
Central Highlands,2019-03,5
Central Highlands,2019-04,6
Central Highlands,2019-05,9
Central Highlands,2019-06,8
Central Highlands,2019-07,3
Central Highlands,2019-08,4
Central Highlands,2019-09,6
Central Highlands,2019-10,4
Central Highlands,2019-11,4
Central Highlands,2019-12,6
Central Highlands,2020-01,6
Central Highlands,2020-02,7
Central Highlands,2020-03,7
Central Highlands,2020-04,2
Central Highlands,2020-05,1
Central Highlands,2020-06,3
Central Highlands,2020-07,4
Central Highlands,2020-08,4
Central Highlands,2020-10,3
Central Highlands,2020-11,4
Circular Head,2010-01,10
Circular Head,2010-02,9
Circular Head,2010-03,12
Circular Head,2010-04,11
Circular Head,2010-05,7
Circular Head,2010-06,7
Circular Head,2010-07,7
Circular Head,2010-08,3
Circular Head,2010-09,4
Circular Head,2010-10,9
Circular Head,2010-11,9
Circular Head,2010-12,9
Circular Head,2011-01,8
Circular Head,2011-02,7
Circular Head,2011-03,8
Circular Head,2011-04,6
Circular Head,2011-05,8
Circular Head,2011-06,3
Circular Head,2011-07,6
Circular Head,2011-08,12
Circular Head,2011-09,3
Circular Head,2011-10,10
Circular Head,2011-11,8
Circular Head,2011-12,12
Circular Head,2012-01,7
Circular Head,2012-02,4
Circular Head,2012-03,11
Circular Head,2012-04,6
Circular Head,2012-05,5
Circular Head,2012-06,11
Circular Head,2012-07,4
Circular Head,2012-08,9
Circular Head,2012-09,5
Circular Head,2012-10,10
Circular Head,2012-11,12
Circular Head,2012-12,6
Circular Head,2013-01,9
Circular Head,2013-02,6
Circular Head,2013-03,9
Circular Head,2013-04,6
Circular Head,2013-05,10
Circular Head,2013-06,12
Circular Head,2013-07,5
Circular Head,2013-08,9
Circular Head,2013-09,6
Circular Head,2013-10,2
Circular Head,2013-11,8
Circular Head,2013-12,9
Circular Head,2014-01,7
Circular Head,2014-02,5
Circular Head,2014-03,6
Circular Head,2014-04,15
Circular Head,2014-05,3
Circular Head,2014-06,11
Circular Head,2014-07,5
Circular Head,2014-08,8
Circular Head,2014-09,8
Circular Head,2014-10,14
Circular Head,2014-11,11
Circular Head,2014-12,5
Circular Head,2015-01,7
Circular Head,2015-02,7
Circular Head,2015-03,10
Circular Head,2015-04,7
Circular Head,2015-05,6
Circular Head,2015-06,5
Circular Head,2015-07,9
Circular Head,2015-08,9
Circular Head,2015-09,6
Circular Head,2015-10,8
Circular Head,2015-11,7
Circular Head,2015-12,8
Circular Head,2016-01,16
Circular Head,2016-02,9
Circular Head,2016-03,9
Circular Head,2016-04,8
Circular Head,2016-05,8
Circular Head,2016-06,9
Circular Head,2016-07,8
Circular Head,2016-08,10
Circular Head,2016-09,10
Circular Head,2016-10,5
Circular Head,2016-11,5
Circular Head,2016-12,5
Circular Head,2017-01,5
Circular Head,2017-02,8
Circular Head,2017-03,19
Circular Head,2017-04,6
Circular Head,2017-05,7
Circular Head,2017-06,3
Circular Head,2017-07,3
Circular Head,2017-08,5
Circular Head,2017-09,3
Circular Head,2017-10,5
Circular Head,2017-11,3
Circular Head,2017-12,13
Circular Head,2018-01,6
Circular Head,2018-02,7
Circular Head,2018-03,12
Circular Head,2018-04,7
Circular Head,2018-05,6
Circular Head,2018-06,8
Circular Head,2018-07,5
Circular Head,2018-08,6
Circular Head,2018-09,7
Circular Head,2018-10,5
Circular Head,2018-11,12
Circular Head,2018-12,6
Circular Head,2019-01,13
Circular Head,2019-02,8
Circular Head,2019-03,11
Circular Head,2019-04,8
Circular Head,2019-05,11
Circular Head,2019-06,8
Circular Head,2019-07,5
Circular Head,2019-08,4
Circular Head,2019-09,5
Circular Head,2019-10,8
Circular Head,2019-11,6
Circular Head,2019-12,9
Circular Head,2020-01,6
Circular Head,2020-02,7
Circular Head,2020-03,7
Circular Head,2020-04,7
Circular Head,2020-05,8
Circular Head,2020-06,5
Circular Head,2020-07,9
Circular Head,2020-08,4
Circular Head,2020-09,1
Circular Head,2020-10,8
Circular Head,2020-11,5
Circular Head,2020-12,1
Clarence,2010-01,46
Clarence,2010-02,46
Clarence,2010-03,62
Clarence,2010-04,38
Clarence,2010-05,59
Clarence,2010-06,54
Clarence,2010-07,54
Clarence,2010-08,53
Clarence,2010-09,32
Clarence,2010-10,40
Clarence,2010-11,46
Clarence,2010-12,55
Clarence,2011-01,37
Clarence,2011-02,51
Clarence,2011-03,52
Clarence,2011-04,48
Clarence,2011-05,47
Clarence,2011-06,44
Clarence,2011-07,34
Clarence,2011-08,40
Clarence,2011-09,38
Clarence,2011-10,44
Clarence,2011-11,50
Clarence,2011-12,56
Clarence,2012-01,44
Clarence,2012-02,40
Clarence,2012-03,35
Clarence,2012-04,39
Clarence,2012-05,49
Clarence,2012-06,48
Clarence,2012-07,48
Clarence,2012-08,45
Clarence,2012-09,39
Clarence,2012-10,30
Clarence,2012-11,33
Clarence,2012-12,47
Clarence,2013-01,35
Clarence,2013-02,32
Clarence,2013-03,42
Clarence,2013-04,39
Clarence,2013-05,41
Clarence,2013-06,34
Clarence,2013-07,50
Clarence,2013-08,48
Clarence,2013-09,58
Clarence,2013-10,41
Clarence,2013-11,36
Clarence,2013-12,52
Clarence,2014-01,54
Clarence,2014-02,37
Clarence,2014-03,41
Clarence,2014-04,48
Clarence,2014-05,53
Clarence,2014-06,59
Clarence,2014-07,41
Clarence,2014-08,38
Clarence,2014-09,41
Clarence,2014-10,36
Clarence,2014-11,54
Clarence,2014-12,48
Clarence,2015-01,53
Clarence,2015-02,48
Clarence,2015-03,48
Clarence,2015-04,45
Clarence,2015-05,65
Clarence,2015-06,41
Clarence,2015-07,48
Clarence,2015-08,40
Clarence,2015-09,46
Clarence,2015-10,46
Clarence,2015-11,51
Clarence,2015-12,65
Clarence,2016-01,46
Clarence,2016-02,42
Clarence,2016-03,47
Clarence,2016-04,43
Clarence,2016-05,49
Clarence,2016-06,47
Clarence,2016-07,45
Clarence,2016-08,59
Clarence,2016-09,54
Clarence,2016-10,48
Clarence,2016-11,54
Clarence,2016-12,59
Clarence,2017-01,41
Clarence,2017-02,44
Clarence,2017-03,52
Clarence,2017-04,37
Clarence,2017-05,61
Clarence,2017-06,45
Clarence,2017-07,55
Clarence,2017-08,54
Clarence,2017-09,50
Clarence,2017-10,52
Clarence,2017-11,45
Clarence,2017-12,54
Clarence,2018-01,54
Clarence,2018-02,40
Clarence,2018-03,48
Clarence,2018-04,59
Clarence,2018-05,55
Clarence,2018-06,58
Clarence,2018-07,56
Clarence,2018-08,54
Clarence,2018-09,46
Clarence,2018-10,58
Clarence,2018-11,55
Clarence,2018-12,57
Clarence,2019-01,48
Clarence,2019-02,46
Clarence,2019-03,57
Clarence,2019-04,42
Clarence,2019-05,48
Clarence,2019-06,48
Clarence,2019-07,62
Clarence,2019-08,56
Clarence,2019-09,52
Clarence,2019-10,59
Clarence,2019-11,59
Clarence,2019-12,53
Clarence,2020-01,42
Clarence,2020-02,53
Clarence,2020-03,41
Clarence,2020-04,24
Clarence,2020-05,32
Clarence,2020-06,42
Clarence,2020-07,31
Clarence,2020-08,43
Clarence,2020-09,28
Clarence,2020-10,25
Clarence,2020-11,29
Clarence,2020-12,12
Derwent Valley,2010-01,12
Derwent Valley,2010-02,6
Derwent Valley,2010-03,11
Derwent Valley,2010-04,12
Derwent Valley,2010-05,7
Derwent Valley,2010-06,10
Derwent Valley,2010-07,13
Derwent Valley,2010-08,9
Derwent Valley,2010-09,4
Derwent Valley,2010-10,8
Derwent Valley,2010-11,12
Derwent Valley,2010-12,13
Derwent Valley,2011-01,8
Derwent Valley,2011-02,7
Derwent Valley,2011-03,3
Derwent Valley,2011-04,10
Derwent Valley,2011-05,3
Derwent Valley,2011-06,5
Derwent Valley,2011-07,12
Derwent Valley,2011-08,4
Derwent Valley,2011-09,6
Derwent Valley,2011-10,8
Derwent Valley,2011-11,7
Derwent Valley,2011-12,8
Derwent Valley,2012-01,9
Derwent Valley,2012-02,7
Derwent Valley,2012-03,9
Derwent Valley,2012-04,5
Derwent Valley,2012-05,2
Derwent Valley,2012-06,8
Derwent Valley,2012-07,8
Derwent Valley,2012-08,9
Derwent Valley,2012-09,8
Derwent Valley,2012-10,8
Derwent Valley,2012-11,10
Derwent Valley,2012-12,7
Derwent Valley,2013-01,5
Derwent Valley,2013-02,7
Derwent Valley,2013-03,13
Derwent Valley,2013-04,8
Derwent Valley,2013-05,7
Derwent Valley,2013-06,14
Derwent Valley,2013-07,8
Derwent Valley,2013-08,12
Derwent Valley,2013-09,7
Derwent Valley,2013-10,10
Derwent Valley,2013-11,6
Derwent Valley,2013-12,12
Derwent Valley,2014-01,6
Derwent Valley,2014-02,12
Derwent Valley,2014-03,14
Derwent Valley,2014-04,7
Derwent Valley,2014-05,9
Derwent Valley,2014-06,10
Derwent Valley,2014-07,5
Derwent Valley,2014-08,5
Derwent Valley,2014-09,7
Derwent Valley,2014-10,7
Derwent Valley,2014-11,11
Derwent Valley,2014-12,7
Derwent Valley,2015-01,15
Derwent Valley,2015-02,10
Derwent Valley,2015-03,10
Derwent Valley,2015-04,7
Derwent Valley,2015-05,6
Derwent Valley,2015-06,16
Derwent Valley,2015-07,9
Derwent Valley,2015-08,8
Derwent Valley,2015-09,5
Derwent Valley,2015-10,8
Derwent Valley,2015-11,9
Derwent Valley,2015-12,14
Derwent Valley,2016-01,14
Derwent Valley,2016-02,13
Derwent Valley,2016-03,7
Derwent Valley,2016-04,7
Derwent Valley,2016-05,9
Derwent Valley,2016-06,3
Derwent Valley,2016-07,14
Derwent Valley,2016-08,6
Derwent Valley,2016-09,5
Derwent Valley,2016-10,6
Derwent Valley,2016-11,15
Derwent Valley,2016-12,8
Derwent Valley,2017-01,10
Derwent Valley,2017-02,6
Derwent Valley,2017-03,15
Derwent Valley,2017-04,6
Derwent Valley,2017-05,9
Derwent Valley,2017-06,13
Derwent Valley,2017-07,11
Derwent Valley,2017-08,9
Derwent Valley,2017-09,5
Derwent Valley,2017-10,9
Derwent Valley,2017-11,11
Derwent Valley,2017-12,8
Derwent Valley,2018-01,18
Derwent Valley,2018-02,14
Derwent Valley,2018-03,9
Derwent Valley,2018-04,13
Derwent Valley,2018-05,8
Derwent Valley,2018-06,6
Derwent Valley,2018-07,15
Derwent Valley,2018-08,13
Derwent Valley,2018-09,9
Derwent Valley,2018-10,11
Derwent Valley,2018-11,8
Derwent Valley,2018-12,18
Derwent Valley,2019-01,8
Derwent Valley,2019-02,5
Derwent Valley,2019-03,13
Derwent Valley,2019-04,6
Derwent Valley,2019-05,7
Derwent Valley,2019-06,12
Derwent Valley,2019-07,7
Derwent Valley,2019-08,8
Derwent Valley,2019-09,12
Derwent Valley,2019-10,8
Derwent Valley,2019-11,6
Derwent Valley,2019-12,13
Derwent Valley,2020-01,12
Derwent Valley,2020-02,6
Derwent Valley,2020-03,13
Derwent Valley,2020-04,9
Derwent Valley,2020-05,7
Derwent Valley,2020-06,7
Derwent Valley,2020-07,11
Derwent Valley,2020-08,9
Derwent Valley,2020-09,9
Derwent Valley,2020-10,7
Derwent Valley,2020-11,9
Derwent Valley,2020-12,1
Devonport,2010-01,27
Devonport,2010-02,30
Devonport,2010-03,37
Devonport,2010-04,22
Devonport,2010-05,31
Devonport,2010-06,40
Devonport,2010-07,45
Devonport,2010-08,27
Devonport,2010-09,39
Devonport,2010-10,29
Devonport,2010-11,36
Devonport,2010-12,31
Devonport,2011-01,32
Devonport,2011-02,27
Devonport,2011-03,29
Devonport,2011-04,23
Devonport,2011-05,37
Devonport,2011-06,21
Devonport,2011-07,23
Devonport,2011-08,26
Devonport,2011-09,23
Devonport,2011-10,21
Devonport,2011-11,28
Devonport,2011-12,21
Devonport,2012-01,21
Devonport,2012-02,32
Devonport,2012-03,19
Devonport,2012-04,23
Devonport,2012-05,36
Devonport,2012-06,25
Devonport,2012-07,21
Devonport,2012-08,25
Devonport,2012-09,25
Devonport,2012-10,16
Devonport,2012-11,31
Devonport,2012-12,33
Devonport,2013-01,35
Devonport,2013-02,31
Devonport,2013-03,24
Devonport,2013-04,32
Devonport,2013-05,36
Devonport,2013-06,31
Devonport,2013-07,36
Devonport,2013-08,28
Devonport,2013-09,23
Devonport,2013-10,18
Devonport,2013-11,31
Devonport,2013-12,33
Devonport,2014-01,26
Devonport,2014-02,17
Devonport,2014-03,32
Devonport,2014-04,31
Devonport,2014-05,31
Devonport,2014-06,26
Devonport,2014-07,20
Devonport,2014-08,21
Devonport,2014-09,25
Devonport,2014-10,30
Devonport,2014-11,21
Devonport,2014-12,29
Devonport,2015-01,28
Devonport,2015-02,23
Devonport,2015-03,23
Devonport,2015-04,32
Devonport,2015-05,28
Devonport,2015-06,31
Devonport,2015-07,27
Devonport,2015-08,19
Devonport,2015-09,23
Devonport,2015-10,23
Devonport,2015-11,22
Devonport,2015-12,28
Devonport,2016-01,30
Devonport,2016-02,31
Devonport,2016-03,30
Devonport,2016-04,35
Devonport,2016-05,25
Devonport,2016-06,33
Devonport,2016-07,29
Devonport,2016-08,22
Devonport,2016-09,25
Devonport,2016-10,20
Devonport,2016-11,28
Devonport,2016-12,40
Devonport,2017-01,25
Devonport,2017-02,22
Devonport,2017-03,37
Devonport,2017-04,29
Devonport,2017-05,30
Devonport,2017-06,27
Devonport,2017-07,35
Devonport,2017-08,26
Devonport,2017-09,28
Devonport,2017-10,25
Devonport,2017-11,22
Devonport,2017-12,22
Devonport,2018-01,28
Devonport,2018-02,34
Devonport,2018-03,24
Devonport,2018-04,21
Devonport,2018-05,31
Devonport,2018-06,17
Devonport,2018-07,24
Devonport,2018-08,25
Devonport,2018-09,14
Devonport,2018-10,22
Devonport,2018-11,29
Devonport,2018-12,26
Devonport,2019-01,23
Devonport,2019-02,28
Devonport,2019-03,32
Devonport,2019-04,26
Devonport,2019-05,31
Devonport,2019-06,31
Devonport,2019-07,28
Devonport,2019-08,25
Devonport,2019-09,19
Devonport,2019-10,38
Devonport,2019-11,20
Devonport,2019-12,19
Devonport,2020-01,28
Devonport,2020-02,31
Devonport,2020-03,28
Devonport,2020-04,13
Devonport,2020-05,18
Devonport,2020-06,27
Devonport,2020-07,16
Devonport,2020-08,27
Devonport,2020-09,21
Devonport,2020-10,17
Devonport,2020-11,15
Devonport,2020-12,6
Dorset,2010-01,4
Dorset,2010-02,5
Dorset,2010-03,5
Dorset,2010-04,11
Dorset,2010-05,6
Dorset,2010-06,3
Dorset,2010-07,6
Dorset,2010-08,6
Dorset,2010-09,5
Dorset,2010-10,5
Dorset,2010-11,7
Dorset,2010-12,8
Dorset,2011-01,5
Dorset,2011-02,4
Dorset,2011-03,9
Dorset,2011-04,3
Dorset,2011-05,7
Dorset,2011-06,5
Dorset,2011-07,5
Dorset,2011-08,5
Dorset,2011-09,8
Dorset,2011-10,5
Dorset,2011-11,8
Dorset,2011-12,6
Dorset,2012-01,4
Dorset,2012-02,6
Dorset,2012-03,8
Dorset,2012-04,5
Dorset,2012-05,7
Dorset,2012-06,8
Dorset,2012-07,4
Dorset,2012-08,3
Dorset,2012-09,5
Dorset,2012-10,8
Dorset,2012-11,2
Dorset,2012-12,2
Dorset,2013-01,8
Dorset,2013-02,6
Dorset,2013-03,5
Dorset,2013-04,8
Dorset,2013-05,8
Dorset,2013-06,1
Dorset,2013-07,6
Dorset,2013-08,5
Dorset,2013-09,8
Dorset,2013-10,4
Dorset,2013-11,5
Dorset,2013-12,4
Dorset,2014-01,9
Dorset,2014-02,5
Dorset,2014-03,4
Dorset,2014-04,7
Dorset,2014-05,5
Dorset,2014-06,5
Dorset,2014-07,6
Dorset,2014-08,5
Dorset,2014-09,5
Dorset,2014-10,6
Dorset,2014-11,3
Dorset,2014-12,6
Dorset,2015-01,10
Dorset,2015-02,11
Dorset,2015-03,8
Dorset,2015-04,2
Dorset,2015-05,7
Dorset,2015-06,4
Dorset,2015-07,5
Dorset,2015-08,9
Dorset,2015-09,5
Dorset,2015-10,4
Dorset,2015-11,10
Dorset,2015-12,5
Dorset,2016-01,4
Dorset,2016-02,6
Dorset,2016-03,8
Dorset,2016-04,7
Dorset,2016-05,4
Dorset,2016-06,3
Dorset,2016-07,5
Dorset,2016-08,5
Dorset,2016-09,12
Dorset,2016-10,7
Dorset,2016-11,6
Dorset,2016-12,5
Dorset,2017-01,8
Dorset,2017-02,7
Dorset,2017-03,4
Dorset,2017-04,10
Dorset,2017-05,5
Dorset,2017-06,8
Dorset,2017-07,5
Dorset,2017-08,5
Dorset,2017-09,7
Dorset,2017-10,5
Dorset,2017-11,8
Dorset,2017-12,9
Dorset,2018-01,7
Dorset,2018-02,4
Dorset,2018-03,7
Dorset,2018-04,3
Dorset,2018-05,6
Dorset,2018-06,7
Dorset,2018-07,8
Dorset,2018-08,3
Dorset,2018-09,5
Dorset,2018-10,7
Dorset,2018-11,7
Dorset,2018-12,6
Dorset,2019-01,8
Dorset,2019-02,6
Dorset,2019-03,9
Dorset,2019-04,5
Dorset,2019-05,5
Dorset,2019-06,6
Dorset,2019-07,4
Dorset,2019-08,5
Dorset,2019-09,5
Dorset,2019-10,6
Dorset,2019-11,4
Dorset,2019-12,11
Dorset,2020-01,12
Dorset,2020-02,7
Dorset,2020-03,4
Dorset,2020-04,2
Dorset,2020-05,3
Dorset,2020-06,4
Dorset,2020-07,6
Dorset,2020-08,7
Dorset,2020-09,3
Dorset,2020-10,5
Dorset,2020-11,5
Dorset,2020-12,1
Flinders,2010-02,1
Flinders,2010-03,2
Flinders,2010-04,2
Flinders,2010-05,1
Flinders,2010-08,1
Flinders,2011-05,1
Flinders,2011-06,2
Flinders,2011-09,2
Flinders,2012-01,1
Flinders,2012-03,1
Flinders,2012-09,1
Flinders,2013-02,1
Flinders,2013-03,1
Flinders,2013-06,1
Flinders,2013-07,1
Flinders,2013-10,1
Flinders,2013-12,1
Flinders,2014-04,1
Flinders,2014-05,2
Flinders,2014-06,2
Flinders,2014-12,2
Flinders,2015-01,1
Flinders,2015-02,1
Flinders,2015-04,1
Flinders,2015-05,1
Flinders,2015-07,1
Flinders,2015-10,1
Flinders,2016-01,1
Flinders,2016-03,1
Flinders,2016-04,1
Flinders,2016-05,3
Flinders,2016-06,1
Flinders,2016-08,2
Flinders,2016-12,1
Flinders,2017-01,1
Flinders,2017-11,1
Flinders,2017-12,1
Flinders,2018-01,3
Flinders,2018-05,1
Flinders,2018-06,1
Flinders,2018-07,2
Flinders,2018-08,2
Flinders,2018-09,1
Flinders,2019-01,3
Flinders,2019-02,1
Flinders,2019-04,1
Flinders,2019-08,1
Flinders,2019-09,1
Flinders,2020-02,2
Flinders,2020-03,3
Flinders,2020-08,1
Flinders,2020-10,1
George Town,2010-01,7
George Town,2010-02,6
George Town,2010-03,5
George Town,2010-04,6
George Town,2010-05,1
George Town,2010-06,4
George Town,2010-07,2
George Town,2010-08,1
George Town,2010-09,3
George Town,2010-10,3
George Town,2010-11,4
George Town,2010-12,9
George Town,2011-01,2
George Town,2011-02,4
George Town,2011-03,2
George Town,2011-04,7
George Town,2011-05,7
George Town,2011-06,5
George Town,2011-07,8
George Town,2011-08,6
George Town,2011-09,5
George Town,2011-10,4
George Town,2011-11,6
George Town,2011-12,11
George Town,2012-01,7
George Town,2012-02,7
George Town,2012-03,5
George Town,2012-04,5
George Town,2012-05,5
George Town,2012-06,5
George Town,2012-07,4
George Town,2012-08,4
George Town,2012-09,3
George Town,2012-10,12
George Town,2012-11,3
George Town,2012-12,8
George Town,2013-01,5
George Town,2013-02,3
George Town,2013-03,5
George Town,2013-04,9
George Town,2013-05,10
George Town,2013-06,4
George Town,2013-07,9
George Town,2013-08,1
George Town,2013-09,3
George Town,2013-10,7
George Town,2013-11,7
George Town,2013-12,4
George Town,2014-01,5
George Town,2014-02,4
George Town,2014-03,2
George Town,2014-04,2
George Town,2014-05,8
George Town,2014-06,8
George Town,2014-07,5
George Town,2014-08,2
George Town,2014-09,1
George Town,2014-10,8
George Town,2014-11,8
George Town,2014-12,12
George Town,2015-01,4
George Town,2015-02,6
George Town,2015-03,1
George Town,2015-04,7
George Town,2015-05,5
George Town,2015-06,4
George Town,2015-07,3
George Town,2015-08,5
George Town,2015-09,4
George Town,2015-10,6
George Town,2015-11,5
George Town,2015-12,3
George Town,2016-01,1
George Town,2016-02,1
George Town,2016-03,3
George Town,2016-04,2
George Town,2016-05,6
George Town,2016-06,3
George Town,2016-07,4
George Town,2016-08,8
George Town,2016-09,1
George Town,2016-10,4
George Town,2016-11,2
George Town,2016-12,7
George Town,2017-01,8
George Town,2017-02,3
George Town,2017-03,4
George Town,2017-04,4
George Town,2017-05,5
George Town,2017-06,1
George Town,2017-07,7
George Town,2017-08,9
George Town,2017-09,6
George Town,2017-10,5
George Town,2017-11,7
George Town,2017-12,7
George Town,2018-01,5
George Town,2018-02,7
George Town,2018-03,7
George Town,2018-04,2
George Town,2018-05,4
George Town,2018-06,5
George Town,2018-07,8
George Town,2018-08,5
George Town,2018-09,8
George Town,2018-10,3
George Town,2018-11,8
George Town,2018-12,2
George Town,2019-01,6
George Town,2019-02,5
George Town,2019-03,4
George Town,2019-04,6
George Town,2019-05,4
George Town,2019-06,2
George Town,2019-07,3
George Town,2019-08,3
George Town,2019-09,6
George Town,2019-10,3
George Town,2019-11,10
George Town,2019-12,1
George Town,2020-01,3
George Town,2020-02,2
George Town,2020-03,7
George Town,2020-04,5
George Town,2020-05,2
George Town,2020-06,7
George Town,2020-07,3
George Town,2020-08,4
George Town,2020-09,4
George Town,2020-10,2
George Town,2020-11,1
Glamorgan-Spring Bay,2010-01,11
Glamorgan-Spring Bay,2010-02,19
Glamorgan-Spring Bay,2010-03,11
Glamorgan-Spring Bay,2010-04,5
Glamorgan-Spring Bay,2010-05,3
Glamorgan-Spring Bay,2010-06,7
Glamorgan-Spring Bay,2010-07,7
Glamorgan-Spring Bay,2010-08,2
Glamorgan-Spring Bay,2010-09,7
Glamorgan-Spring Bay,2010-10,4
Glamorgan-Spring Bay,2010-11,5
Glamorgan-Spring Bay,2010-12,5
Glamorgan-Spring Bay,2011-01,9
Glamorgan-Spring Bay,2011-02,8
Glamorgan-Spring Bay,2011-03,4
Glamorgan-Spring Bay,2011-04,8
Glamorgan-Spring Bay,2011-05,7
Glamorgan-Spring Bay,2011-06,4
Glamorgan-Spring Bay,2011-07,5
Glamorgan-Spring Bay,2011-08,3
Glamorgan-Spring Bay,2011-09,2
Glamorgan-Spring Bay,2011-10,3
Glamorgan-Spring Bay,2011-11,6
Glamorgan-Spring Bay,2011-12,6
Glamorgan-Spring Bay,2012-01,4
Glamorgan-Spring Bay,2012-02,8
Glamorgan-Spring Bay,2012-03,9
Glamorgan-Spring Bay,2012-04,7
Glamorgan-Spring Bay,2012-05,4
Glamorgan-Spring Bay,2012-06,5
Glamorgan-Spring Bay,2012-07,2
Glamorgan-Spring Bay,2012-08,4
Glamorgan-Spring Bay,2012-09,7
Glamorgan-Spring Bay,2012-10,2
Glamorgan-Spring Bay,2012-11,5
Glamorgan-Spring Bay,2012-12,6
Glamorgan-Spring Bay,2013-01,7
Glamorgan-Spring Bay,2013-02,9
Glamorgan-Spring Bay,2013-03,7
Glamorgan-Spring Bay,2013-04,10
Glamorgan-Spring Bay,2013-05,3
Glamorgan-Spring Bay,2013-06,5
Glamorgan-Spring Bay,2013-07,2
Glamorgan-Spring Bay,2013-08,5
Glamorgan-Spring Bay,2013-09,7
Glamorgan-Spring Bay,2013-10,5
Glamorgan-Spring Bay,2013-11,10
Glamorgan-Spring Bay,2013-12,4
Glamorgan-Spring Bay,2014-01,11
Glamorgan-Spring Bay,2014-02,7
Glamorgan-Spring Bay,2014-03,8
Glamorgan-Spring Bay,2014-04,3
Glamorgan-Spring Bay,2014-05,3
Glamorgan-Spring Bay,2014-06,3
Glamorgan-Spring Bay,2014-07,5
Glamorgan-Spring Bay,2014-08,4
Glamorgan-Spring Bay,2014-09,5
Glamorgan-Spring Bay,2014-10,3
Glamorgan-Spring Bay,2014-11,6
Glamorgan-Spring Bay,2014-12,4
Glamorgan-Spring Bay,2015-01,13
Glamorgan-Spring Bay,2015-02,4
Glamorgan-Spring Bay,2015-03,8
Glamorgan-Spring Bay,2015-04,6
Glamorgan-Spring Bay,2015-05,4
Glamorgan-Spring Bay,2015-06,5
Glamorgan-Spring Bay,2015-07,2
Glamorgan-Spring Bay,2015-08,4
Glamorgan-Spring Bay,2015-09,7
Glamorgan-Spring Bay,2015-10,5
Glamorgan-Spring Bay,2015-11,8
Glamorgan-Spring Bay,2015-12,16
Glamorgan-Spring Bay,2016-01,13
Glamorgan-Spring Bay,2016-02,14
Glamorgan-Spring Bay,2016-03,13
Glamorgan-Spring Bay,2016-04,6
Glamorgan-Spring Bay,2016-05,7
Glamorgan-Spring Bay,2016-06,4
Glamorgan-Spring Bay,2016-07,5
Glamorgan-Spring Bay,2016-08,4
Glamorgan-Spring Bay,2016-09,9
Glamorgan-Spring Bay,2016-10,9
Glamorgan-Spring Bay,2016-11,11
Glamorgan-Spring Bay,2016-12,13
Glamorgan-Spring Bay,2017-01,11
Glamorgan-Spring Bay,2017-02,8
Glamorgan-Spring Bay,2017-03,12
Glamorgan-Spring Bay,2017-04,8
Glamorgan-Spring Bay,2017-05,4
Glamorgan-Spring Bay,2017-06,4
Glamorgan-Spring Bay,2017-07,3
Glamorgan-Spring Bay,2017-08,6
Glamorgan-Spring Bay,2017-09,4
Glamorgan-Spring Bay,2017-10,7
Glamorgan-Spring Bay,2017-11,9
Glamorgan-Spring Bay,2017-12,9
Glamorgan-Spring Bay,2018-01,7
Glamorgan-Spring Bay,2018-02,9
Glamorgan-Spring Bay,2018-03,11
Glamorgan-Spring Bay,2018-04,7
Glamorgan-Spring Bay,2018-05,6
Glamorgan-Spring Bay,2018-06,4
Glamorgan-Spring Bay,2018-07,1
Glamorgan-Spring Bay,2018-08,6
Glamorgan-Spring Bay,2018-09,4
Glamorgan-Spring Bay,2018-10,6
Glamorgan-Spring Bay,2018-11,6
Glamorgan-Spring Bay,2018-12,14
Glamorgan-Spring Bay,2019-01,10
Glamorgan-Spring Bay,2019-02,7
Glamorgan-Spring Bay,2019-03,10
Glamorgan-Spring Bay,2019-04,9
Glamorgan-Spring Bay,2019-05,7
Glamorgan-Spring Bay,2019-06,11
Glamorgan-Spring Bay,2019-07,4
Glamorgan-Spring Bay,2019-08,6
Glamorgan-Spring Bay,2019-09,6
Glamorgan-Spring Bay,2019-10,6
Glamorgan-Spring Bay,2019-11,4
Glamorgan-Spring Bay,2019-12,13
Glamorgan-Spring Bay,2020-01,15
Glamorgan-Spring Bay,2020-02,11
Glamorgan-Spring Bay,2020-03,11
Glamorgan-Spring Bay,2020-04,1
Glamorgan-Spring Bay,2020-05,6
Glamorgan-Spring Bay,2020-06,6
Glamorgan-Spring Bay,2020-07,5
Glamorgan-Spring Bay,2020-08,6
Glamorgan-Spring Bay,2020-09,3
Glamorgan-Spring Bay,2020-10,4
Glamorgan-Spring Bay,2020-11,4
Glamorgan-Spring Bay,2020-12,2
Glenorchy,2010-01,51
Glenorchy,2010-02,61
Glenorchy,2010-03,73
Glenorchy,2010-04,46
Glenorchy,2010-05,65
Glenorchy,2010-06,53
Glenorchy,2010-07,57
Glenorchy,2010-08,64
Glenorchy,2010-09,58
Glenorchy,2010-10,63
Glenorchy,2010-11,79
Glenorchy,2010-12,65
Glenorchy,2011-01,53
Glenorchy,2011-02,52
Glenorchy,2011-03,79
Glenorchy,2011-04,63
Glenorchy,2011-05,51
Glenorchy,2011-06,60
Glenorchy,2011-07,57
Glenorchy,2011-08,69
Glenorchy,2011-09,56
Glenorchy,2011-10,49
Glenorchy,2011-11,60
Glenorchy,2011-12,57
Glenorchy,2012-01,42
Glenorchy,2012-02,44
Glenorchy,2012-03,61
Glenorchy,2012-04,49
Glenorchy,2012-05,51
Glenorchy,2012-06,70
Glenorchy,2012-07,70
Glenorchy,2012-08,47
Glenorchy,2012-09,47
Glenorchy,2012-10,46
Glenorchy,2012-11,55
Glenorchy,2012-12,65
Glenorchy,2013-01,52
Glenorchy,2013-02,48
Glenorchy,2013-03,58
Glenorchy,2013-04,46
Glenorchy,2013-05,60
Glenorchy,2013-06,57
Glenorchy,2013-07,52
Glenorchy,2013-08,57
Glenorchy,2013-09,55
Glenorchy,2013-10,57
Glenorchy,2013-11,49
Glenorchy,2013-12,52
Glenorchy,2014-01,48
Glenorchy,2014-02,46
Glenorchy,2014-03,48
Glenorchy,2014-04,57
Glenorchy,2014-05,56
Glenorchy,2014-06,50
Glenorchy,2014-07,54
Glenorchy,2014-08,72
Glenorchy,2014-09,60
Glenorchy,2014-10,52
Glenorchy,2014-11,47
Glenorchy,2014-12,57
Glenorchy,2015-01,62
Glenorchy,2015-02,51
Glenorchy,2015-03,59
Glenorchy,2015-04,50
Glenorchy,2015-05,60
Glenorchy,2015-06,59
Glenorchy,2015-07,59
Glenorchy,2015-08,63
Glenorchy,2015-09,54
Glenorchy,2015-10,42
Glenorchy,2015-11,49
Glenorchy,2015-12,69
Glenorchy,2016-01,51
Glenorchy,2016-02,48
Glenorchy,2016-03,57
Glenorchy,2016-04,65
Glenorchy,2016-05,55
Glenorchy,2016-06,60
Glenorchy,2016-07,61
Glenorchy,2016-08,59
Glenorchy,2016-09,53
Glenorchy,2016-10,56
Glenorchy,2016-11,57
Glenorchy,2016-12,58
Glenorchy,2017-01,49
Glenorchy,2017-02,60
Glenorchy,2017-03,56
Glenorchy,2017-04,42
Glenorchy,2017-05,66
Glenorchy,2017-06,53
Glenorchy,2017-07,56
Glenorchy,2017-08,52
Glenorchy,2017-09,57
Glenorchy,2017-10,52
Glenorchy,2017-11,52
Glenorchy,2017-12,44
Glenorchy,2018-01,34
Glenorchy,2018-02,43
Glenorchy,2018-03,72
Glenorchy,2018-04,48
Glenorchy,2018-05,60
Glenorchy,2018-06,61
Glenorchy,2018-07,55
Glenorchy,2018-08,61
Glenorchy,2018-09,45
Glenorchy,2018-10,55
Glenorchy,2018-11,61
Glenorchy,2018-12,56
Glenorchy,2019-01,56
Glenorchy,2019-02,52
Glenorchy,2019-03,60
Glenorchy,2019-04,53
Glenorchy,2019-05,46
Glenorchy,2019-06,61
Glenorchy,2019-07,51
Glenorchy,2019-08,64
Glenorchy,2019-09,67
Glenorchy,2019-10,46
Glenorchy,2019-11,59
Glenorchy,2019-12,58
Glenorchy,2020-01,60
Glenorchy,2020-02,57
Glenorchy,2020-03,56
Glenorchy,2020-04,34
Glenorchy,2020-05,42
Glenorchy,2020-06,37
Glenorchy,2020-07,44
Glenorchy,2020-08,55
Glenorchy,2020-09,43
Glenorchy,2020-10,35
Glenorchy,2020-11,31
Glenorchy,2020-12,7
Hobart,2010-01,88
Hobart,2010-02,98
Hobart,2010-03,122
Hobart,2010-04,120
Hobart,2010-05,126
Hobart,2010-06,129
Hobart,2010-07,113
Hobart,2010-08,107
Hobart,2010-09,117
Hobart,2010-10,145
Hobart,2010-11,114
Hobart,2010-12,127
Hobart,2011-01,95
Hobart,2011-02,124
Hobart,2011-03,116
Hobart,2011-04,114
Hobart,2011-05,131
Hobart,2011-06,94
Hobart,2011-07,131
Hobart,2011-08,95
Hobart,2011-09,90
Hobart,2011-10,104
Hobart,2011-11,115
Hobart,2011-12,108
Hobart,2012-01,99
Hobart,2012-02,87
Hobart,2012-03,93
Hobart,2012-04,95
Hobart,2012-05,115
Hobart,2012-06,95
Hobart,2012-07,95
Hobart,2012-08,111
Hobart,2012-09,87
Hobart,2012-10,86
Hobart,2012-11,100
Hobart,2012-12,113
Hobart,2013-01,91
Hobart,2013-02,93
Hobart,2013-03,102
Hobart,2013-04,98
Hobart,2013-05,88
Hobart,2013-06,90
Hobart,2013-07,90
Hobart,2013-08,98
Hobart,2013-09,85
Hobart,2013-10,109
Hobart,2013-11,102
Hobart,2013-12,97
Hobart,2014-01,88
Hobart,2014-02,97
Hobart,2014-03,101
Hobart,2014-04,90
Hobart,2014-05,121
Hobart,2014-06,97
Hobart,2014-07,98
Hobart,2014-08,120
Hobart,2014-09,92
Hobart,2014-10,93
Hobart,2014-11,98
Hobart,2014-12,104
Hobart,2015-01,93
Hobart,2015-02,118
Hobart,2015-03,111
Hobart,2015-04,68
Hobart,2015-05,108
Hobart,2015-06,108
Hobart,2015-07,102
Hobart,2015-08,108
Hobart,2015-09,90
Hobart,2015-10,93
Hobart,2015-11,118
Hobart,2015-12,112
Hobart,2016-01,86
Hobart,2016-02,111
Hobart,2016-03,97
Hobart,2016-04,87
Hobart,2016-05,99
Hobart,2016-06,131
Hobart,2016-07,94
Hobart,2016-08,99
Hobart,2016-09,94
Hobart,2016-10,106
Hobart,2016-11,113
Hobart,2016-12,138
Hobart,2017-01,101
Hobart,2017-02,104
Hobart,2017-03,103
Hobart,2017-04,92
Hobart,2017-05,104
Hobart,2017-06,95
Hobart,2017-07,95
Hobart,2017-08,119
Hobart,2017-09,108
Hobart,2017-10,73
Hobart,2017-11,105
Hobart,2017-12,121
Hobart,2018-01,110
Hobart,2018-02,116
Hobart,2018-03,125
Hobart,2018-04,109
Hobart,2018-05,144
Hobart,2018-06,119
Hobart,2018-07,121
Hobart,2018-08,97
Hobart,2018-09,101
Hobart,2018-10,107
Hobart,2018-11,122
Hobart,2018-12,107
Hobart,2019-01,95
Hobart,2019-02,99
Hobart,2019-03,132
Hobart,2019-04,99
Hobart,2019-05,121
Hobart,2019-06,115
Hobart,2019-07,103
Hobart,2019-08,128
Hobart,2019-09,85
Hobart,2019-10,124
Hobart,2019-11,129
Hobart,2019-12,110
Hobart,2020-01,90
Hobart,2020-02,123
Hobart,2020-03,93
Hobart,2020-04,31
Hobart,2020-05,37
Hobart,2020-06,84
Hobart,2020-07,83
Hobart,2020-08,84
Hobart,2020-09,56
Hobart,2020-10,71
Hobart,2020-11,64
Hobart,2020-12,13
Huon Valley,2010-01,16
Huon Valley,2010-02,15
Huon Valley,2010-03,18
Huon Valley,2010-04,9
Huon Valley,2010-05,12
Huon Valley,2010-06,13
Huon Valley,2010-07,14
Huon Valley,2010-08,9
Huon Valley,2010-09,10
Huon Valley,2010-10,12
Huon Valley,2010-11,20
Huon Valley,2010-12,12
Huon Valley,2011-01,16
Huon Valley,2011-02,9
Huon Valley,2011-03,13
Huon Valley,2011-04,7
Huon Valley,2011-05,9
Huon Valley,2011-06,13
Huon Valley,2011-07,13
Huon Valley,2011-08,9
Huon Valley,2011-09,13
Huon Valley,2011-10,19
Huon Valley,2011-11,19
Huon Valley,2011-12,7
Huon Valley,2012-01,19
Huon Valley,2012-02,10
Huon Valley,2012-03,19
Huon Valley,2012-04,12
Huon Valley,2012-05,10
Huon Valley,2012-06,16
Huon Valley,2012-07,11
Huon Valley,2012-08,14
Huon Valley,2012-09,11
Huon Valley,2012-10,10
Huon Valley,2012-11,12
Huon Valley,2012-12,12
Huon Valley,2013-01,16
Huon Valley,2013-02,16
Huon Valley,2013-03,16
Huon Valley,2013-04,9
Huon Valley,2013-05,9
Huon Valley,2013-06,8
Huon Valley,2013-07,12
Huon Valley,2013-08,7
Huon Valley,2013-09,13
Huon Valley,2013-10,3
Huon Valley,2013-11,9
Huon Valley,2013-12,15
Huon Valley,2014-01,19
Huon Valley,2014-02,14
Huon Valley,2014-03,13
Huon Valley,2014-04,7
Huon Valley,2014-05,8
Huon Valley,2014-06,7
Huon Valley,2014-07,15
Huon Valley,2014-08,9
Huon Valley,2014-09,12
Huon Valley,2014-10,17
Huon Valley,2014-11,15
Huon Valley,2014-12,15
Huon Valley,2015-01,19
Huon Valley,2015-02,17
Huon Valley,2015-03,11
Huon Valley,2015-04,13
Huon Valley,2015-05,17
Huon Valley,2015-06,10
Huon Valley,2015-07,9
Huon Valley,2015-08,14
Huon Valley,2015-09,5
Huon Valley,2015-10,14
Huon Valley,2015-11,12
Huon Valley,2015-12,18
Huon Valley,2016-01,10
Huon Valley,2016-02,9
Huon Valley,2016-03,10
Huon Valley,2016-04,18
Huon Valley,2016-05,15
Huon Valley,2016-06,14
Huon Valley,2016-07,18
Huon Valley,2016-08,7
Huon Valley,2016-09,17
Huon Valley,2016-10,8
Huon Valley,2016-11,13
Huon Valley,2016-12,21
Huon Valley,2017-01,14
Huon Valley,2017-02,19
Huon Valley,2017-03,17
Huon Valley,2017-04,11
Huon Valley,2017-05,9
Huon Valley,2017-06,12
Huon Valley,2017-07,15
Huon Valley,2017-08,9
Huon Valley,2017-09,13
Huon Valley,2017-10,19
Huon Valley,2017-11,12
Huon Valley,2017-12,14
Huon Valley,2018-01,14
Huon Valley,2018-02,8
Huon Valley,2018-03,15
Huon Valley,2018-04,11
Huon Valley,2018-05,16
Huon Valley,2018-06,12
Huon Valley,2018-07,8
Huon Valley,2018-08,14
Huon Valley,2018-09,13
Huon Valley,2018-10,12
Huon Valley,2018-11,24
Huon Valley,2018-12,17
Huon Valley,2019-01,26
Huon Valley,2019-02,18
Huon Valley,2019-03,16
Huon Valley,2019-04,12
Huon Valley,2019-05,10
Huon Valley,2019-06,25
Huon Valley,2019-07,13
Huon Valley,2019-08,14
Huon Valley,2019-09,10
Huon Valley,2019-10,13
Huon Valley,2019-11,11
Huon Valley,2019-12,18
Huon Valley,2020-01,23
Huon Valley,2020-02,22
Huon Valley,2020-03,16
Huon Valley,2020-04,10
Huon Valley,2020-05,10
Huon Valley,2020-06,8
Huon Valley,2020-07,12
Huon Valley,2020-08,12
Huon Valley,2020-09,8
Huon Valley,2020-10,6
Huon Valley,2020-11,4
Huon Valley,2020-12,3
Kentish,2010-01,9
Kentish,2010-02,11
Kentish,2010-03,10
Kentish,2010-04,11
Kentish,2010-05,3
Kentish,2010-06,8
Kentish,2010-07,11
Kentish,2010-08,4
Kentish,2010-09,8
Kentish,2010-10,7
Kentish,2010-11,8
Kentish,2010-12,7
Kentish,2011-01,8
Kentish,2011-02,6
Kentish,2011-03,10
Kentish,2011-04,5
Kentish,2011-05,12
Kentish,2011-06,9
Kentish,2011-07,5
Kentish,2011-08,6
Kentish,2011-09,9
Kentish,2011-10,2
Kentish,2011-11,6
Kentish,2011-12,5
Kentish,2012-01,8
Kentish,2012-02,14
Kentish,2012-03,11
Kentish,2012-04,4
Kentish,2012-05,4
Kentish,2012-06,2
Kentish,2012-07,4
Kentish,2012-08,9
Kentish,2012-09,7
Kentish,2012-10,2
Kentish,2012-11,5
Kentish,2012-12,6
Kentish,2013-01,8
Kentish,2013-02,8
Kentish,2013-03,8
Kentish,2013-04,5
Kentish,2013-05,7
Kentish,2013-06,8
Kentish,2013-07,7
Kentish,2013-08,5
Kentish,2013-09,10
Kentish,2013-10,5
Kentish,2013-11,8
Kentish,2013-12,4
Kentish,2014-01,11
Kentish,2014-02,9
Kentish,2014-03,4
Kentish,2014-04,3
Kentish,2014-05,8
Kentish,2014-06,7
Kentish,2014-07,5
Kentish,2014-08,5
Kentish,2014-09,4
Kentish,2014-10,4
Kentish,2014-11,10
Kentish,2014-12,9
Kentish,2015-01,6
Kentish,2015-02,7
Kentish,2015-03,7
Kentish,2015-04,9
Kentish,2015-05,5
Kentish,2015-06,3
Kentish,2015-07,5
Kentish,2015-08,4
Kentish,2015-09,5
Kentish,2015-10,5
Kentish,2015-11,5
Kentish,2015-12,3
Kentish,2016-01,6
Kentish,2016-02,5
Kentish,2016-03,6
Kentish,2016-04,12
Kentish,2016-05,4
Kentish,2016-06,8
Kentish,2016-07,4
Kentish,2016-08,3
Kentish,2016-09,5
Kentish,2016-10,8
Kentish,2016-11,7
Kentish,2016-12,7
Kentish,2017-01,4
Kentish,2017-02,6
Kentish,2017-03,7
Kentish,2017-04,4
Kentish,2017-05,7
Kentish,2017-06,6
Kentish,2017-07,6
Kentish,2017-08,3
Kentish,2017-09,1
Kentish,2017-10,3
Kentish,2017-11,4
Kentish,2017-12,17
Kentish,2018-01,10
Kentish,2018-02,10
Kentish,2018-03,6
Kentish,2018-04,8
Kentish,2018-05,9
Kentish,2018-06,3
Kentish,2018-07,4
Kentish,2018-08,8
Kentish,2018-09,9
Kentish,2018-10,4
Kentish,2018-11,4
Kentish,2018-12,8
Kentish,2019-01,9
Kentish,2019-02,8
Kentish,2019-03,8
Kentish,2019-04,6
Kentish,2019-05,5
Kentish,2019-06,15
Kentish,2019-07,3
Kentish,2019-08,8
Kentish,2019-09,10
Kentish,2019-10,6
Kentish,2019-11,6
Kentish,2019-12,5
Kentish,2020-01,13
Kentish,2020-02,8
Kentish,2020-03,9
Kentish,2020-04,4
Kentish,2020-05,4
Kentish,2020-06,2
Kentish,2020-07,9
Kentish,2020-08,7
Kentish,2020-09,7
Kentish,2020-10,4
Kentish,2020-11,4
Kentish,2020-12,1
King Island,2010-02,1
King Island,2010-03,1
King Island,2010-06,2
King Island,2010-08,2
King Island,2010-09,1
King Island,2010-10,1
King Island,2010-11,1
King Island,2011-01,3
King Island,2011-02,1
King Island,2011-03,3
King Island,2011-04,2
King Island,2011-05,2
King Island,2011-09,1
King Island,2011-10,1
King Island,2011-12,2
King Island,2012-02,1
King Island,2012-07,4
King Island,2012-09,1
King Island,2012-12,1
King Island,2013-01,4
King Island,2013-07,2
King Island,2013-08,3
King Island,2013-12,1
King Island,2014-01,1
King Island,2014-03,1
King Island,2014-04,2
King Island,2014-06,1
King Island,2014-08,2
King Island,2014-09,1
King Island,2014-10,1
King Island,2014-12,2
King Island,2015-02,1
King Island,2015-03,1
King Island,2015-04,1
King Island,2015-07,1
King Island,2015-08,2
King Island,2015-09,1
King Island,2016-04,2
King Island,2016-05,1
King Island,2016-06,2
King Island,2016-07,4
King Island,2017-02,3
King Island,2017-06,2
King Island,2017-11,2
King Island,2017-12,1
King Island,2018-01,2
King Island,2018-02,1
King Island,2018-03,1
King Island,2018-04,1
King Island,2018-05,1
King Island,2018-06,5
King Island,2018-07,3
King Island,2018-09,3
King Island,2018-12,2
King Island,2019-02,4
King Island,2019-04,2
King Island,2019-05,1
King Island,2019-06,3
King Island,2019-07,1
King Island,2019-08,2
King Island,2019-09,1
King Island,2019-10,1
King Island,2020-02,1
King Island,2020-03,1
King Island,2020-08,2
King Island,2020-12,1
Kingborough,2010-01,27
Kingborough,2010-02,25
Kingborough,2010-03,30
Kingborough,2010-04,21
Kingborough,2010-05,17
Kingborough,2010-06,26
Kingborough,2010-07,23
Kingborough,2010-08,23
Kingborough,2010-09,27
Kingborough,2010-10,21
Kingborough,2010-11,23
Kingborough,2010-12,29
Kingborough,2011-01,16
Kingborough,2011-02,20
Kingborough,2011-03,25
Kingborough,2011-04,30
Kingborough,2011-05,15
Kingborough,2011-06,24
Kingborough,2011-07,26
Kingborough,2011-08,15
Kingborough,2011-09,19
Kingborough,2011-10,21
Kingborough,2011-11,18
Kingborough,2011-12,23
Kingborough,2012-01,22
Kingborough,2012-02,26
Kingborough,2012-03,21
Kingborough,2012-04,26
Kingborough,2012-05,15
Kingborough,2012-06,20
Kingborough,2012-07,13
Kingborough,2012-08,15
Kingborough,2012-09,18
Kingborough,2012-10,16
Kingborough,2012-11,22
Kingborough,2012-12,21
Kingborough,2013-01,25
Kingborough,2013-02,14
Kingborough,2013-03,23
Kingborough,2013-04,17
Kingborough,2013-05,20
Kingborough,2013-06,19
Kingborough,2013-07,28
Kingborough,2013-08,29
Kingborough,2013-09,27
Kingborough,2013-10,22
Kingborough,2013-11,27
Kingborough,2013-12,23
Kingborough,2014-01,25
Kingborough,2014-02,23
Kingborough,2014-03,34
Kingborough,2014-04,24
Kingborough,2014-05,20
Kingborough,2014-06,25
Kingborough,2014-07,15
Kingborough,2014-08,23
Kingborough,2014-09,19
Kingborough,2014-10,20
Kingborough,2014-11,23
Kingborough,2014-12,26
Kingborough,2015-01,19
Kingborough,2015-02,25
Kingborough,2015-03,26
Kingborough,2015-04,24
Kingborough,2015-05,26
Kingborough,2015-06,27
Kingborough,2015-07,14
Kingborough,2015-08,21
Kingborough,2015-09,23
Kingborough,2015-10,27
Kingborough,2015-11,30
Kingborough,2015-12,36
Kingborough,2016-01,15
Kingborough,2016-02,22
Kingborough,2016-03,18
Kingborough,2016-04,19
Kingborough,2016-05,21
Kingborough,2016-06,22
Kingborough,2016-07,21
Kingborough,2016-08,20
Kingborough,2016-09,27
Kingborough,2016-10,24
Kingborough,2016-11,27
Kingborough,2016-12,35
Kingborough,2017-01,18
Kingborough,2017-02,32
Kingborough,2017-03,28
Kingborough,2017-04,18
Kingborough,2017-05,24
Kingborough,2017-06,17
Kingborough,2017-07,22
Kingborough,2017-08,20
Kingborough,2017-09,16
Kingborough,2017-10,27
Kingborough,2017-11,33
Kingborough,2017-12,34
Kingborough,2018-01,24
Kingborough,2018-02,19
Kingborough,2018-03,15
Kingborough,2018-04,17
Kingborough,2018-05,22
Kingborough,2018-06,33
Kingborough,2018-07,29
Kingborough,2018-08,26
Kingborough,2018-09,21
Kingborough,2018-10,20
Kingborough,2018-11,32
Kingborough,2018-12,28
Kingborough,2019-01,23
Kingborough,2019-02,27
Kingborough,2019-03,30
Kingborough,2019-04,25
Kingborough,2019-05,34
Kingborough,2019-06,25
Kingborough,2019-07,31
Kingborough,2019-08,28
Kingborough,2019-09,23
Kingborough,2019-10,17
Kingborough,2019-11,22
Kingborough,2019-12,22
Kingborough,2020-01,25
Kingborough,2020-02,21
Kingborough,2020-03,26
Kingborough,2020-04,12
Kingborough,2020-05,18
Kingborough,2020-06,16
Kingborough,2020-07,22
Kingborough,2020-08,25
Kingborough,2020-09,14
Kingborough,2020-10,13
Kingborough,2020-11,19
Kingborough,2020-12,6
Latrobe,2010-01,16
Latrobe,2010-02,8
Latrobe,2010-03,10
Latrobe,2010-04,7
Latrobe,2010-05,7
Latrobe,2010-06,13
Latrobe,2010-07,10
Latrobe,2010-08,6
Latrobe,2010-09,7
Latrobe,2010-10,6
Latrobe,2010-11,13
Latrobe,2010-12,7
Latrobe,2011-01,13
Latrobe,2011-02,6
Latrobe,2011-03,13
Latrobe,2011-04,15
Latrobe,2011-05,8
Latrobe,2011-06,5
Latrobe,2011-07,2
Latrobe,2011-08,6
Latrobe,2011-09,8
Latrobe,2011-10,7
Latrobe,2011-11,5
Latrobe,2011-12,9
Latrobe,2012-01,10
Latrobe,2012-02,6
Latrobe,2012-03,11
Latrobe,2012-04,7
Latrobe,2012-05,4
Latrobe,2012-06,9
Latrobe,2012-07,6
Latrobe,2012-08,5
Latrobe,2012-09,11
Latrobe,2012-10,7
Latrobe,2012-11,11
Latrobe,2012-12,3
Latrobe,2013-01,9
Latrobe,2013-02,10
Latrobe,2013-03,7
Latrobe,2013-04,9
Latrobe,2013-05,8
Latrobe,2013-06,6
Latrobe,2013-07,7
Latrobe,2013-08,9
Latrobe,2013-09,12
Latrobe,2013-10,13
Latrobe,2013-11,7
Latrobe,2013-12,8
Latrobe,2014-01,8
Latrobe,2014-02,5
Latrobe,2014-03,13
Latrobe,2014-04,10
Latrobe,2014-05,10
Latrobe,2014-06,9
Latrobe,2014-07,11
Latrobe,2014-08,10
Latrobe,2014-09,6
Latrobe,2014-10,7
Latrobe,2014-11,3
Latrobe,2014-12,9
Latrobe,2015-01,8
Latrobe,2015-02,8
Latrobe,2015-03,10
Latrobe,2015-04,10
Latrobe,2015-05,9
Latrobe,2015-06,4
Latrobe,2015-07,6
Latrobe,2015-08,11
Latrobe,2015-09,8
Latrobe,2015-10,6
Latrobe,2015-11,14
Latrobe,2015-12,5
Latrobe,2016-01,11
Latrobe,2016-02,7
Latrobe,2016-03,16
Latrobe,2016-04,19
Latrobe,2016-05,6
Latrobe,2016-06,10
Latrobe,2016-07,16
Latrobe,2016-08,6
Latrobe,2016-09,11
Latrobe,2016-10,4
Latrobe,2016-11,12
Latrobe,2016-12,11
Latrobe,2017-01,9
Latrobe,2017-02,12
Latrobe,2017-03,12
Latrobe,2017-04,16
Latrobe,2017-05,12
Latrobe,2017-06,6
Latrobe,2017-07,7
Latrobe,2017-08,8
Latrobe,2017-09,10
Latrobe,2017-10,11
Latrobe,2017-11,9
Latrobe,2017-12,12
Latrobe,2018-01,17
Latrobe,2018-02,6
Latrobe,2018-03,21
Latrobe,2018-04,12
Latrobe,2018-05,13
Latrobe,2018-06,13
Latrobe,2018-07,8
Latrobe,2018-08,9
Latrobe,2018-09,3
Latrobe,2018-10,10
Latrobe,2018-11,14
Latrobe,2018-12,8
Latrobe,2019-01,7
Latrobe,2019-02,15
Latrobe,2019-03,15
Latrobe,2019-04,9
Latrobe,2019-05,14
Latrobe,2019-06,16
Latrobe,2019-07,7
Latrobe,2019-08,7
Latrobe,2019-09,11
Latrobe,2019-10,7
Latrobe,2019-11,13
Latrobe,2019-12,16
Latrobe,2020-01,10
Latrobe,2020-02,14
Latrobe,2020-03,9
Latrobe,2020-04,3
Latrobe,2020-05,8
Latrobe,2020-06,12
Latrobe,2020-07,16
Latrobe,2020-08,8
Latrobe,2020-09,5
Latrobe,2020-10,8
Latrobe,2020-11,8
Latrobe,2020-12,5
Launceston,2010-01,75
Launceston,2010-02,76
Launceston,2010-03,86
Launceston,2010-04,76
Launceston,2010-05,92
Launceston,2010-06,72
Launceston,2010-07,97
Launceston,2010-08,73
Launceston,2010-09,93
Launceston,2010-10,89
Launceston,2010-11,66
Launceston,2010-12,79
Launceston,2011-01,76
Launceston,2011-02,67
Launceston,2011-03,66
Launceston,2011-04,77
Launceston,2011-05,98
Launceston,2011-06,74
Launceston,2011-07,86
Launceston,2011-08,80
Launceston,2011-09,58
Launceston,2011-10,97
Launceston,2011-11,82
Launceston,2011-12,89
Launceston,2012-01,49
Launceston,2012-02,71
Launceston,2012-03,82
Launceston,2012-04,78
Launceston,2012-05,64
Launceston,2012-06,61
Launceston,2012-07,74
Launceston,2012-08,80
Launceston,2012-09,58
Launceston,2012-10,77
Launceston,2012-11,70
Launceston,2012-12,78
Launceston,2013-01,56
Launceston,2013-02,60
Launceston,2013-03,71
Launceston,2013-04,85
Launceston,2013-05,87
Launceston,2013-06,72
Launceston,2013-07,93
Launceston,2013-08,67
Launceston,2013-09,75
Launceston,2013-10,64
Launceston,2013-11,78
Launceston,2013-12,78
Launceston,2014-01,88
Launceston,2014-02,81
Launceston,2014-03,87
Launceston,2014-04,100
Launceston,2014-05,92
Launceston,2014-06,80
Launceston,2014-07,95
Launceston,2014-08,81
Launceston,2014-09,67
Launceston,2014-10,62
Launceston,2014-11,71
Launceston,2014-12,91
Launceston,2015-01,79
Launceston,2015-02,85
Launceston,2015-03,109
Launceston,2015-04,99
Launceston,2015-05,88
Launceston,2015-06,97
Launceston,2015-07,86
Launceston,2015-08,92
Launceston,2015-09,63
Launceston,2015-10,68
Launceston,2015-11,92
Launceston,2015-12,81
Launceston,2016-01,65
Launceston,2016-02,96
Launceston,2016-03,112
Launceston,2016-04,80
Launceston,2016-05,95
Launceston,2016-06,91
Launceston,2016-07,75
Launceston,2016-08,80
Launceston,2016-09,65
Launceston,2016-10,93
Launceston,2016-11,103
Launceston,2016-12,98
Launceston,2017-01,79
Launceston,2017-02,92
Launceston,2017-03,103
Launceston,2017-04,86
Launceston,2017-05,92
Launceston,2017-06,86
Launceston,2017-07,80
Launceston,2017-08,86
Launceston,2017-09,91
Launceston,2017-10,94
Launceston,2017-11,87
Launceston,2017-12,108
Launceston,2018-01,79
Launceston,2018-02,96
Launceston,2018-03,102
Launceston,2018-04,66
Launceston,2018-05,102
Launceston,2018-06,105
Launceston,2018-07,86
Launceston,2018-08,87
Launceston,2018-09,92
Launceston,2018-10,72
Launceston,2018-11,89
Launceston,2018-12,80
Launceston,2019-01,67
Launceston,2019-02,87
Launceston,2019-03,71
Launceston,2019-04,87
Launceston,2019-05,114
Launceston,2019-06,96
Launceston,2019-07,67
Launceston,2019-08,80
Launceston,2019-09,90
Launceston,2019-10,89
Launceston,2019-11,83
Launceston,2019-12,94
Launceston,2020-01,72
Launceston,2020-02,80
Launceston,2020-03,79
Launceston,2020-04,51
Launceston,2020-05,74
Launceston,2020-06,71
Launceston,2020-07,98
Launceston,2020-08,76
Launceston,2020-09,72
Launceston,2020-10,54
Launceston,2020-11,55
Launceston,2020-12,7
Meander Valley,2010-01,18
Meander Valley,2010-02,18
Meander Valley,2010-03,12
Meander Valley,2010-04,17
Meander Valley,2010-05,18
Meander Valley,2010-06,16
Meander Valley,2010-07,20
Meander Valley,2010-08,13
Meander Valley,2010-09,12
Meander Valley,2010-10,11
Meander Valley,2010-11,8
Meander Valley,2010-12,10
Meander Valley,2011-01,22
Meander Valley,2011-02,18
Meander Valley,2011-03,23
Meander Valley,2011-04,13
Meander Valley,2011-05,14
Meander Valley,2011-06,28
Meander Valley,2011-07,11
Meander Valley,2011-08,7
Meander Valley,2011-09,14
Meander Valley,2011-10,11
Meander Valley,2011-11,16
Meander Valley,2011-12,18
Meander Valley,2012-01,9
Meander Valley,2012-02,13
Meander Valley,2012-03,14
Meander Valley,2012-04,7
Meander Valley,2012-05,12
Meander Valley,2012-06,15
Meander Valley,2012-07,9
Meander Valley,2012-08,9
Meander Valley,2012-09,16
Meander Valley,2012-10,11
Meander Valley,2012-11,7
Meander Valley,2012-12,12
Meander Valley,2013-01,12
Meander Valley,2013-02,13
Meander Valley,2013-03,13
Meander Valley,2013-04,14
Meander Valley,2013-05,14
Meander Valley,2013-06,16
Meander Valley,2013-07,15
Meander Valley,2013-08,17
Meander Valley,2013-09,6
Meander Valley,2013-10,10
Meander Valley,2013-11,14
Meander Valley,2013-12,16
Meander Valley,2014-01,13
Meander Valley,2014-02,21
Meander Valley,2014-03,15
Meander Valley,2014-04,13
Meander Valley,2014-05,14
Meander Valley,2014-06,4
Meander Valley,2014-07,13
Meander Valley,2014-08,16
Meander Valley,2014-09,14
Meander Valley,2014-10,9
Meander Valley,2014-11,7
Meander Valley,2014-12,11
Meander Valley,2015-01,10
Meander Valley,2015-02,14
Meander Valley,2015-03,11
Meander Valley,2015-04,8
Meander Valley,2015-05,14
Meander Valley,2015-06,10
Meander Valley,2015-07,18
Meander Valley,2015-08,10
Meander Valley,2015-09,9
Meander Valley,2015-10,15
Meander Valley,2015-11,12
Meander Valley,2015-12,17
Meander Valley,2016-01,9
Meander Valley,2016-02,18
Meander Valley,2016-03,16
Meander Valley,2016-04,10
Meander Valley,2016-05,11
Meander Valley,2016-06,9
Meander Valley,2016-07,11
Meander Valley,2016-08,9
Meander Valley,2016-09,11
Meander Valley,2016-10,14
Meander Valley,2016-11,12
Meander Valley,2016-12,20
Meander Valley,2017-01,16
Meander Valley,2017-02,4
Meander Valley,2017-03,19
Meander Valley,2017-04,17
Meander Valley,2017-05,25
Meander Valley,2017-06,9
Meander Valley,2017-07,10
Meander Valley,2017-08,17
Meander Valley,2017-09,13
Meander Valley,2017-10,18
Meander Valley,2017-11,15
Meander Valley,2017-12,13
Meander Valley,2018-01,20
Meander Valley,2018-02,10
Meander Valley,2018-03,13
Meander Valley,2018-04,15
Meander Valley,2018-05,15
Meander Valley,2018-06,17
Meander Valley,2018-07,11
Meander Valley,2018-08,8
Meander Valley,2018-09,17
Meander Valley,2018-10,18
Meander Valley,2018-11,16
Meander Valley,2018-12,16
Meander Valley,2019-01,16
Meander Valley,2019-02,9
Meander Valley,2019-03,15
Meander Valley,2019-04,17
Meander Valley,2019-05,19
Meander Valley,2019-06,16
Meander Valley,2019-07,15
Meander Valley,2019-08,9
Meander Valley,2019-09,17
Meander Valley,2019-10,10
Meander Valley,2019-11,19
Meander Valley,2019-12,16
Meander Valley,2020-01,20
Meander Valley,2020-02,19
Meander Valley,2020-03,14
Meander Valley,2020-04,4
Meander Valley,2020-05,11
Meander Valley,2020-06,12
Meander Valley,2020-07,18
Meander Valley,2020-08,14
Meander Valley,2020-09,17
Meander Valley,2020-10,13
Meander Valley,2020-11,17
Meander Valley,2020-12,1
Northern Midlands,2010-01,10
Northern Midlands,2010-02,20
Northern Midlands,2010-03,16
Northern Midlands,2010-04,6
Northern Midlands,2010-05,8
Northern Midlands,2010-06,16
Northern Midlands,2010-07,8
Northern Midlands,2010-08,10
Northern Midlands,2010-09,10
Northern Midlands,2010-10,8
Northern Midlands,2010-11,14
Northern Midlands,2010-12,16
Northern Midlands,2011-01,19
Northern Midlands,2011-02,9
Northern Midlands,2011-03,13
Northern Midlands,2011-04,18
Northern Midlands,2011-05,12
Northern Midlands,2011-06,20
Northern Midlands,2011-07,11
Northern Midlands,2011-08,4
Northern Midlands,2011-09,14
Northern Midlands,2011-10,13
Northern Midlands,2011-11,8
Northern Midlands,2011-12,10
Northern Midlands,2012-01,12
Northern Midlands,2012-02,5
Northern Midlands,2012-03,8
Northern Midlands,2012-04,14
Northern Midlands,2012-05,10
Northern Midlands,2012-06,12
Northern Midlands,2012-07,10
Northern Midlands,2012-08,13
Northern Midlands,2012-09,7
Northern Midlands,2012-10,10
Northern Midlands,2012-11,12
Northern Midlands,2012-12,10
Northern Midlands,2013-01,11
Northern Midlands,2013-02,13
Northern Midlands,2013-03,18
Northern Midlands,2013-04,14
Northern Midlands,2013-05,10
Northern Midlands,2013-06,13
Northern Midlands,2013-07,14
Northern Midlands,2013-08,9
Northern Midlands,2013-09,12
Northern Midlands,2013-10,13
Northern Midlands,2013-11,14
Northern Midlands,2013-12,20
Northern Midlands,2014-01,8
Northern Midlands,2014-02,13
Northern Midlands,2014-03,19
Northern Midlands,2014-04,17
Northern Midlands,2014-05,8
Northern Midlands,2014-06,9
Northern Midlands,2014-07,10
Northern Midlands,2014-08,10
Northern Midlands,2014-09,6
Northern Midlands,2014-10,8
Northern Midlands,2014-11,13
Northern Midlands,2014-12,15
Northern Midlands,2015-01,11
Northern Midlands,2015-02,18
Northern Midlands,2015-03,15
Northern Midlands,2015-04,13
Northern Midlands,2015-05,7
Northern Midlands,2015-06,16
Northern Midlands,2015-07,8
Northern Midlands,2015-08,11
Northern Midlands,2015-09,7
Northern Midlands,2015-10,9
Northern Midlands,2015-11,6
Northern Midlands,2015-12,18
Northern Midlands,2016-01,17
Northern Midlands,2016-02,13
Northern Midlands,2016-03,12
Northern Midlands,2016-04,8
Northern Midlands,2016-05,7
Northern Midlands,2016-06,7
Northern Midlands,2016-07,17
Northern Midlands,2016-08,10
Northern Midlands,2016-09,6
Northern Midlands,2016-10,10
Northern Midlands,2016-11,12
Northern Midlands,2016-12,14
Northern Midlands,2017-01,12
Northern Midlands,2017-02,10
Northern Midlands,2017-03,9
Northern Midlands,2017-04,13
Northern Midlands,2017-05,12
Northern Midlands,2017-06,17
Northern Midlands,2017-07,15
Northern Midlands,2017-08,6
Northern Midlands,2017-09,8
Northern Midlands,2017-10,9
Northern Midlands,2017-11,17
Northern Midlands,2017-12,15
Northern Midlands,2018-01,8
Northern Midlands,2018-02,12
Northern Midlands,2018-03,11
Northern Midlands,2018-04,11
Northern Midlands,2018-05,14
Northern Midlands,2018-06,16
Northern Midlands,2018-07,18
Northern Midlands,2018-08,13
Northern Midlands,2018-09,9
Northern Midlands,2018-10,17
Northern Midlands,2018-11,13
Northern Midlands,2018-12,11
Northern Midlands,2019-01,16
Northern Midlands,2019-02,14
Northern Midlands,2019-03,13
Northern Midlands,2019-04,16
Northern Midlands,2019-05,11
Northern Midlands,2019-06,16
Northern Midlands,2019-07,13
Northern Midlands,2019-08,9
Northern Midlands,2019-09,14
Northern Midlands,2019-10,10
Northern Midlands,2019-11,8
Northern Midlands,2019-12,13
Northern Midlands,2020-01,20
Northern Midlands,2020-02,15
Northern Midlands,2020-03,10
Northern Midlands,2020-04,7
Northern Midlands,2020-05,6
Northern Midlands,2020-06,9
Northern Midlands,2020-07,8
Northern Midlands,2020-08,9
Northern Midlands,2020-09,12
Northern Midlands,2020-10,8
Northern Midlands,2020-11,8
Northern Midlands,2020-12,3
Sorell,2010-01,9
Sorell,2010-02,10
Sorell,2010-03,21
Sorell,2010-04,9
Sorell,2010-05,11
Sorell,2010-06,7
Sorell,2010-07,12
Sorell,2010-08,7
Sorell,2010-09,12
Sorell,2010-10,10
Sorell,2010-11,4
Sorell,2010-12,15
Sorell,2011-01,15
Sorell,2011-02,6
Sorell,2011-03,14
Sorell,2011-04,22
Sorell,2011-05,6
Sorell,2011-06,12
Sorell,2011-07,13
Sorell,2011-08,12
Sorell,2011-09,4
Sorell,2011-10,10
Sorell,2011-11,13
Sorell,2011-12,7
Sorell,2012-01,16
Sorell,2012-02,8
Sorell,2012-03,3
Sorell,2012-04,9
Sorell,2012-05,7
Sorell,2012-06,13
Sorell,2012-07,11
Sorell,2012-08,3
Sorell,2012-09,9
Sorell,2012-10,11
Sorell,2012-11,13
Sorell,2012-12,12
Sorell,2013-01,13
Sorell,2013-02,12
Sorell,2013-03,11
Sorell,2013-04,12
Sorell,2013-05,21
Sorell,2013-06,9
Sorell,2013-07,15
Sorell,2013-08,10
Sorell,2013-09,12
Sorell,2013-10,5
Sorell,2013-11,11
Sorell,2013-12,14
Sorell,2014-01,27
Sorell,2014-02,9
Sorell,2014-03,10
Sorell,2014-04,13
Sorell,2014-05,10
Sorell,2014-06,9
Sorell,2014-07,9
Sorell,2014-08,11
Sorell,2014-09,10
Sorell,2014-10,14
Sorell,2014-11,12
Sorell,2014-12,13
Sorell,2015-01,17
Sorell,2015-02,11
Sorell,2015-03,9
Sorell,2015-04,10
Sorell,2015-05,9
Sorell,2015-06,14
Sorell,2015-07,10
Sorell,2015-08,7
Sorell,2015-09,14
Sorell,2015-10,13
Sorell,2015-11,13
Sorell,2015-12,13
Sorell,2016-01,12
Sorell,2016-02,17
Sorell,2016-03,14
Sorell,2016-04,8
Sorell,2016-05,8
Sorell,2016-06,6
Sorell,2016-07,5
Sorell,2016-08,13
Sorell,2016-09,3
Sorell,2016-10,14
Sorell,2016-11,14
Sorell,2016-12,21
Sorell,2017-01,12
Sorell,2017-02,11
Sorell,2017-03,18
Sorell,2017-04,12
Sorell,2017-05,10
Sorell,2017-06,6
Sorell,2017-07,10
Sorell,2017-08,11
Sorell,2017-09,11
Sorell,2017-10,21
Sorell,2017-11,7
Sorell,2017-12,13
Sorell,2018-01,25
Sorell,2018-02,8
Sorell,2018-03,13
Sorell,2018-04,12
Sorell,2018-05,14
Sorell,2018-06,8
Sorell,2018-07,12
Sorell,2018-08,14
Sorell,2018-09,11
Sorell,2018-10,12
Sorell,2018-11,14
Sorell,2018-12,9
Sorell,2019-01,6
Sorell,2019-02,11
Sorell,2019-03,15
Sorell,2019-04,10
Sorell,2019-05,15
Sorell,2019-06,12
Sorell,2019-07,4
Sorell,2019-08,9
Sorell,2019-09,3
Sorell,2019-10,14
Sorell,2019-11,14
Sorell,2019-12,24
Sorell,2020-01,15
Sorell,2020-02,17
Sorell,2020-03,20
Sorell,2020-04,4
Sorell,2020-05,4
Sorell,2020-06,16
Sorell,2020-07,12
Sorell,2020-08,10
Sorell,2020-09,8
Sorell,2020-10,7
Sorell,2020-11,7
Sorell,2020-12,4
Southern Midlands,2010-01,13
Southern Midlands,2010-02,11
Southern Midlands,2010-03,4
Southern Midlands,2010-04,7
Southern Midlands,2010-05,6
Southern Midlands,2010-06,2
Southern Midlands,2010-07,8
Southern Midlands,2010-08,4
Southern Midlands,2010-09,3
Southern Midlands,2010-10,6
Southern Midlands,2010-11,1
Southern Midlands,2010-12,2
Southern Midlands,2011-01,5
Southern Midlands,2011-02,9
Southern Midlands,2011-03,8
Southern Midlands,2011-04,4
Southern Midlands,2011-05,7
Southern Midlands,2011-06,4
Southern Midlands,2011-07,7
Southern Midlands,2011-08,5
Southern Midlands,2011-09,8
Southern Midlands,2011-10,3
Southern Midlands,2011-11,6
Southern Midlands,2011-12,7
Southern Midlands,2012-01,7
Southern Midlands,2012-02,4
Southern Midlands,2012-03,16
Southern Midlands,2012-04,3
Southern Midlands,2012-05,3
Southern Midlands,2012-06,6
Southern Midlands,2012-07,8
Southern Midlands,2012-08,7
Southern Midlands,2012-09,4
Southern Midlands,2012-10,8
Southern Midlands,2012-11,8
Southern Midlands,2012-12,9
Southern Midlands,2013-01,8
Southern Midlands,2013-02,9
Southern Midlands,2013-03,7
Southern Midlands,2013-04,3
Southern Midlands,2013-05,3
Southern Midlands,2013-06,9
Southern Midlands,2013-07,6
Southern Midlands,2013-08,6
Southern Midlands,2013-09,8
Southern Midlands,2013-10,4
Southern Midlands,2013-11,6
Southern Midlands,2013-12,7
Southern Midlands,2014-01,8
Southern Midlands,2014-02,8
Southern Midlands,2014-03,9
Southern Midlands,2014-04,7
Southern Midlands,2014-05,4
Southern Midlands,2014-06,7
Southern Midlands,2014-07,8
Southern Midlands,2014-08,5
Southern Midlands,2014-09,3
Southern Midlands,2014-10,3
Southern Midlands,2014-11,8
Southern Midlands,2014-12,6
Southern Midlands,2015-01,6
Southern Midlands,2015-02,10
Southern Midlands,2015-03,9
Southern Midlands,2015-04,13
Southern Midlands,2015-05,5
Southern Midlands,2015-06,5
Southern Midlands,2015-07,7
Southern Midlands,2015-08,6
Southern Midlands,2015-09,7
Southern Midlands,2015-10,7
Southern Midlands,2015-11,4
Southern Midlands,2015-12,12
Southern Midlands,2016-01,10
Southern Midlands,2016-02,5
Southern Midlands,2016-03,10
Southern Midlands,2016-04,5
Southern Midlands,2016-05,6
Southern Midlands,2016-06,3
Southern Midlands,2016-07,8
Southern Midlands,2016-08,6
Southern Midlands,2016-09,10
Southern Midlands,2016-10,8
Southern Midlands,2016-11,3
Southern Midlands,2016-12,10
Southern Midlands,2017-01,7
Southern Midlands,2017-02,3
Southern Midlands,2017-03,11
Southern Midlands,2017-04,9
Southern Midlands,2017-05,3
Southern Midlands,2017-06,6
Southern Midlands,2017-07,6
Southern Midlands,2017-08,8
Southern Midlands,2017-09,8
Southern Midlands,2017-10,7
Southern Midlands,2017-11,6
Southern Midlands,2017-12,14
Southern Midlands,2018-01,4
Southern Midlands,2018-02,10
Southern Midlands,2018-03,6
Southern Midlands,2018-04,7
Southern Midlands,2018-05,7
Southern Midlands,2018-06,5
Southern Midlands,2018-07,6
Southern Midlands,2018-08,4
Southern Midlands,2018-09,6
Southern Midlands,2018-10,7
Southern Midlands,2018-11,7
Southern Midlands,2018-12,8
Southern Midlands,2019-01,11
Southern Midlands,2019-02,10
Southern Midlands,2019-03,12
Southern Midlands,2019-04,5
Southern Midlands,2019-05,9
Southern Midlands,2019-06,5
Southern Midlands,2019-07,5
Southern Midlands,2019-08,5
Southern Midlands,2019-09,4
Southern Midlands,2019-10,10
Southern Midlands,2019-11,6
Southern Midlands,2019-12,11
Southern Midlands,2020-01,10
Southern Midlands,2020-02,10
Southern Midlands,2020-03,12
Southern Midlands,2020-04,3
Southern Midlands,2020-05,7
Southern Midlands,2020-06,7
Southern Midlands,2020-07,7
Southern Midlands,2020-08,6
Southern Midlands,2020-09,3
Southern Midlands,2020-10,7
Southern Midlands,2020-11,3
Southern Midlands,2020-12,1
Tasman,2010-01,3
Tasman,2010-02,1
Tasman,2010-03,5
Tasman,2010-04,4
Tasman,2010-05,4
Tasman,2010-06,1
Tasman,2010-07,6
Tasman,2010-09,5
Tasman,2010-10,5
Tasman,2010-12,3
Tasman,2011-01,9
Tasman,2011-03,3
Tasman,2011-04,5
Tasman,2011-05,4
Tasman,2011-07,1
Tasman,2011-08,1
Tasman,2011-11,3
Tasman,2011-12,1
Tasman,2012-01,3
Tasman,2012-02,1
Tasman,2012-03,4
Tasman,2012-05,2
Tasman,2012-06,2
Tasman,2012-07,3
Tasman,2012-08,2
Tasman,2012-09,2
Tasman,2012-10,1
Tasman,2012-11,2
Tasman,2012-12,1
Tasman,2013-01,2
Tasman,2013-02,3
Tasman,2013-03,4
Tasman,2013-04,4
Tasman,2013-06,3
Tasman,2013-07,2
Tasman,2013-08,1
Tasman,2013-09,1
Tasman,2013-10,5
Tasman,2013-11,3
Tasman,2013-12,2
Tasman,2014-01,1
Tasman,2014-03,5
Tasman,2014-04,1
Tasman,2014-05,3
Tasman,2014-06,2
Tasman,2014-07,1
Tasman,2014-08,1
Tasman,2014-09,2
Tasman,2014-10,3
Tasman,2014-11,6
Tasman,2014-12,1
Tasman,2015-01,4
Tasman,2015-02,2
Tasman,2015-03,3
Tasman,2015-04,3
Tasman,2015-05,2
Tasman,2015-06,2
Tasman,2015-07,2
Tasman,2015-08,4
Tasman,2015-09,2
Tasman,2015-10,4
Tasman,2015-11,1
Tasman,2015-12,3
Tasman,2016-01,4
Tasman,2016-02,3
Tasman,2016-03,2
Tasman,2016-04,1
Tasman,2016-05,1
Tasman,2016-06,4
Tasman,2016-07,5
Tasman,2016-08,2
Tasman,2016-09,3
Tasman,2016-10,5
Tasman,2016-11,2
Tasman,2016-12,3
Tasman,2017-01,4
Tasman,2017-02,3
Tasman,2017-03,6
Tasman,2017-04,4
Tasman,2017-05,2
Tasman,2017-06,7
Tasman,2017-07,5
Tasman,2017-08,1
Tasman,2017-09,2
Tasman,2017-10,3
Tasman,2017-11,4
Tasman,2017-12,6
Tasman,2018-01,4
Tasman,2018-02,4
Tasman,2018-03,11
Tasman,2018-04,5
Tasman,2018-05,2
Tasman,2018-06,4
Tasman,2018-07,4
Tasman,2018-08,1
Tasman,2018-09,2
Tasman,2018-11,1
Tasman,2018-12,2
Tasman,2019-01,1
Tasman,2019-02,2
Tasman,2019-03,4
Tasman,2019-04,6
Tasman,2019-05,1
Tasman,2019-06,2
Tasman,2019-07,6
Tasman,2019-08,2
Tasman,2019-09,4
Tasman,2019-10,5
Tasman,2019-11,4
Tasman,2019-12,4
Tasman,2020-01,1
Tasman,2020-02,6
Tasman,2020-03,4
Tasman,2020-04,4
Tasman,2020-05,2
Tasman,2020-06,1
Tasman,2020-07,3
Tasman,2020-08,2
Tasman,2020-09,4
Tasman,2020-10,1
Tasman,2020-11,1
Tasman,2020-12,1
Waratah-Wynyard,2010-01,13
Waratah-Wynyard,2010-02,8
Waratah-Wynyard,2010-03,16
Waratah-Wynyard,2010-04,10
Waratah-Wynyard,2010-05,14
Waratah-Wynyard,2010-06,18
Waratah-Wynyard,2010-07,15
Waratah-Wynyard,2010-08,12
Waratah-Wynyard,2010-09,10
Waratah-Wynyard,2010-10,8
Waratah-Wynyard,2010-11,17
Waratah-Wynyard,2010-12,20
Waratah-Wynyard,2011-01,9
Waratah-Wynyard,2011-02,10
Waratah-Wynyard,2011-03,15
Waratah-Wynyard,2011-04,12
Waratah-Wynyard,2011-05,5
Waratah-Wynyard,2011-06,10
Waratah-Wynyard,2011-07,9
Waratah-Wynyard,2011-08,4
Waratah-Wynyard,2011-09,12
Waratah-Wynyard,2011-10,13
Waratah-Wynyard,2011-11,14
Waratah-Wynyard,2011-12,19
Waratah-Wynyard,2012-01,21
Waratah-Wynyard,2012-02,13
Waratah-Wynyard,2012-03,19
Waratah-Wynyard,2012-04,6
Waratah-Wynyard,2012-05,10
Waratah-Wynyard,2012-06,4
Waratah-Wynyard,2012-07,10
Waratah-Wynyard,2012-08,8
Waratah-Wynyard,2012-09,6
Waratah-Wynyard,2012-10,9
Waratah-Wynyard,2012-11,5
Waratah-Wynyard,2012-12,17
Waratah-Wynyard,2013-01,15
Waratah-Wynyard,2013-02,11
Waratah-Wynyard,2013-03,12
Waratah-Wynyard,2013-04,8
Waratah-Wynyard,2013-05,13
Waratah-Wynyard,2013-06,13
Waratah-Wynyard,2013-07,19
Waratah-Wynyard,2013-08,10
Waratah-Wynyard,2013-09,9
Waratah-Wynyard,2013-10,14
Waratah-Wynyard,2013-11,10
Waratah-Wynyard,2013-12,8
Waratah-Wynyard,2014-01,12
Waratah-Wynyard,2014-02,17
Waratah-Wynyard,2014-03,17
Waratah-Wynyard,2014-04,4
Waratah-Wynyard,2014-05,10
Waratah-Wynyard,2014-06,4
Waratah-Wynyard,2014-07,10
Waratah-Wynyard,2014-08,16
Waratah-Wynyard,2014-09,7
Waratah-Wynyard,2014-10,10
Waratah-Wynyard,2014-11,11
Waratah-Wynyard,2014-12,13
Waratah-Wynyard,2015-01,13
Waratah-Wynyard,2015-02,15
Waratah-Wynyard,2015-03,14
Waratah-Wynyard,2015-04,11
Waratah-Wynyard,2015-05,12
Waratah-Wynyard,2015-06,16
Waratah-Wynyard,2015-07,7
Waratah-Wynyard,2015-08,10
Waratah-Wynyard,2015-09,8
Waratah-Wynyard,2015-10,8
Waratah-Wynyard,2015-11,15
Waratah-Wynyard,2015-12,13
Waratah-Wynyard,2016-01,8
Waratah-Wynyard,2016-02,18
Waratah-Wynyard,2016-03,11
Waratah-Wynyard,2016-04,16
Waratah-Wynyard,2016-05,11
Waratah-Wynyard,2016-06,13
Waratah-Wynyard,2016-07,9
Waratah-Wynyard,2016-08,12
Waratah-Wynyard,2016-09,11
Waratah-Wynyard,2016-10,21
Waratah-Wynyard,2016-11,12
Waratah-Wynyard,2016-12,11
Waratah-Wynyard,2017-01,10
Waratah-Wynyard,2017-02,12
Waratah-Wynyard,2017-03,18
Waratah-Wynyard,2017-04,10
Waratah-Wynyard,2017-05,11
Waratah-Wynyard,2017-06,10
Waratah-Wynyard,2017-07,15
Waratah-Wynyard,2017-08,6
Waratah-Wynyard,2017-09,4
Waratah-Wynyard,2017-10,12
Waratah-Wynyard,2017-11,5
Waratah-Wynyard,2017-12,20
Waratah-Wynyard,2018-01,18
Waratah-Wynyard,2018-02,12
Waratah-Wynyard,2018-03,13
Waratah-Wynyard,2018-04,9
Waratah-Wynyard,2018-05,11
Waratah-Wynyard,2018-06,7
Waratah-Wynyard,2018-07,8
Waratah-Wynyard,2018-08,10
Waratah-Wynyard,2018-09,11
Waratah-Wynyard,2018-10,9
Waratah-Wynyard,2018-11,9
Waratah-Wynyard,2018-12,12
Waratah-Wynyard,2019-01,11
Waratah-Wynyard,2019-02,8
Waratah-Wynyard,2019-03,12
Waratah-Wynyard,2019-04,13
Waratah-Wynyard,2019-05,12
Waratah-Wynyard,2019-06,11
Waratah-Wynyard,2019-07,14
Waratah-Wynyard,2019-08,4
Waratah-Wynyard,2019-09,7
Waratah-Wynyard,2019-10,7
Waratah-Wynyard,2019-11,15
Waratah-Wynyard,2019-12,10
Waratah-Wynyard,2020-01,9
Waratah-Wynyard,2020-02,13
Waratah-Wynyard,2020-03,16
Waratah-Wynyard,2020-04,3
Waratah-Wynyard,2020-05,4
Waratah-Wynyard,2020-06,12
Waratah-Wynyard,2020-07,15
Waratah-Wynyard,2020-08,8
Waratah-Wynyard,2020-09,7
Waratah-Wynyard,2020-10,10
Waratah-Wynyard,2020-11,10
Waratah-Wynyard,2020-12,5
West Coast,2010-01,6
West Coast,2010-02,11
West Coast,2010-03,15
West Coast,2010-04,9
West Coast,2010-05,5
West Coast,2010-06,4
West Coast,2010-07,4
West Coast,2010-08,5
West Coast,2010-09,5
West Coast,2010-10,3
West Coast,2010-11,5
West Coast,2010-12,9
West Coast,2011-01,8
West Coast,2011-02,16
West Coast,2011-03,11
West Coast,2011-04,12
West Coast,2011-05,10
West Coast,2011-06,7
West Coast,2011-07,3
West Coast,2011-08,5
West Coast,2011-09,5
West Coast,2011-10,8
West Coast,2011-11,13
West Coast,2011-12,4
West Coast,2012-01,8
West Coast,2012-02,10
West Coast,2012-03,6
West Coast,2012-04,7
West Coast,2012-05,5
West Coast,2012-06,6
West Coast,2012-07,8
West Coast,2012-08,7
West Coast,2012-09,8
West Coast,2012-10,11
West Coast,2012-11,4
West Coast,2012-12,6
West Coast,2013-01,11
West Coast,2013-02,13
West Coast,2013-03,10
West Coast,2013-04,2
West Coast,2013-05,5
West Coast,2013-06,4
West Coast,2013-07,5
West Coast,2013-08,10
West Coast,2013-09,4
West Coast,2013-10,9
West Coast,2013-11,4
West Coast,2013-12,4
West Coast,2014-01,3
West Coast,2014-02,12
West Coast,2014-03,8
West Coast,2014-04,5
West Coast,2014-05,5
West Coast,2014-06,4
West Coast,2014-07,4
West Coast,2014-08,1
West Coast,2014-09,7
West Coast,2014-10,7
West Coast,2014-11,4
West Coast,2014-12,6
West Coast,2015-01,8
West Coast,2015-02,8
West Coast,2015-03,6
West Coast,2015-04,7
West Coast,2015-05,7
West Coast,2015-06,5
West Coast,2015-07,9
West Coast,2015-08,4
West Coast,2015-09,3
West Coast,2015-10,5
West Coast,2015-11,10
West Coast,2015-12,7
West Coast,2016-01,3
West Coast,2016-02,16
West Coast,2016-03,5
West Coast,2016-04,2
West Coast,2016-05,5
West Coast,2016-06,3
West Coast,2016-07,5
West Coast,2016-08,4
West Coast,2016-09,4
West Coast,2016-10,3
West Coast,2016-11,5
West Coast,2016-12,9
West Coast,2017-01,9
West Coast,2017-02,7
West Coast,2017-03,14
West Coast,2017-04,8
West Coast,2017-05,2
West Coast,2017-06,5
West Coast,2017-07,3
West Coast,2017-08,3
West Coast,2017-09,5
West Coast,2017-10,9
West Coast,2017-11,4
West Coast,2017-12,7
West Coast,2018-01,6
West Coast,2018-02,5
West Coast,2018-03,2
West Coast,2018-04,5
West Coast,2018-05,5
West Coast,2018-06,3
West Coast,2018-07,9
West Coast,2018-08,8
West Coast,2018-09,4
West Coast,2018-10,10
West Coast,2018-11,9
West Coast,2018-12,6
West Coast,2019-01,8
West Coast,2019-02,12
West Coast,2019-03,8
West Coast,2019-04,6
West Coast,2019-05,5
West Coast,2019-06,3
West Coast,2019-07,2
West Coast,2019-08,2
West Coast,2019-09,4
West Coast,2019-10,12
West Coast,2019-11,6
West Coast,2019-12,5
West Coast,2020-01,5
West Coast,2020-02,4
West Coast,2020-03,8
West Coast,2020-04,2
West Coast,2020-05,4
West Coast,2020-06,8
West Coast,2020-07,5
West Coast,2020-08,7
West Coast,2020-09,3
West Coast,2020-10,3
West Coast,2020-11,3
West Coast,2020-12,2
West Tamar,2010-01,15
West Tamar,2010-02,19
West Tamar,2010-03,15
West Tamar,2010-04,14
West Tamar,2010-05,13
West Tamar,2010-06,15
West Tamar,2010-07,22
West Tamar,2010-08,12
West Tamar,2010-09,12
West Tamar,2010-10,15
West Tamar,2010-11,13
West Tamar,2010-12,10
West Tamar,2011-01,17
West Tamar,2011-02,14
West Tamar,2011-03,10
West Tamar,2011-04,14
West Tamar,2011-05,6
West Tamar,2011-06,9
West Tamar,2011-07,14
West Tamar,2011-08,8
West Tamar,2011-09,13
West Tamar,2011-10,7
West Tamar,2011-11,18
West Tamar,2011-12,13
West Tamar,2012-01,12
West Tamar,2012-02,15
West Tamar,2012-03,8
West Tamar,2012-04,12
West Tamar,2012-05,11
West Tamar,2012-06,13
West Tamar,2012-07,9
West Tamar,2012-08,11
West Tamar,2012-09,13
West Tamar,2012-10,13
West Tamar,2012-11,10
West Tamar,2012-12,12
West Tamar,2013-01,10
West Tamar,2013-02,10
West Tamar,2013-03,13
West Tamar,2013-04,13
West Tamar,2013-05,9
West Tamar,2013-06,12
West Tamar,2013-07,13
West Tamar,2013-08,10
West Tamar,2013-09,16
West Tamar,2013-10,9
West Tamar,2013-11,19
West Tamar,2013-12,11
West Tamar,2014-01,8
West Tamar,2014-02,13
West Tamar,2014-03,18
West Tamar,2014-04,9
West Tamar,2014-05,14
West Tamar,2014-06,15
West Tamar,2014-07,12
West Tamar,2014-08,10
West Tamar,2014-09,17
West Tamar,2014-10,9
West Tamar,2014-11,9
West Tamar,2014-12,7
West Tamar,2015-01,14
West Tamar,2015-02,21
West Tamar,2015-03,14
West Tamar,2015-04,11
West Tamar,2015-05,18
West Tamar,2015-06,18
West Tamar,2015-07,6
West Tamar,2015-08,10
West Tamar,2015-09,12
West Tamar,2015-10,7
West Tamar,2015-11,18
West Tamar,2015-12,18
West Tamar,2016-01,15
West Tamar,2016-02,8
West Tamar,2016-03,18
West Tamar,2016-04,10
West Tamar,2016-05,12
West Tamar,2016-06,13
West Tamar,2016-07,15
West Tamar,2016-08,17
West Tamar,2016-09,10
West Tamar,2016-10,12
West Tamar,2016-11,12
West Tamar,2016-12,20
West Tamar,2017-01,10
West Tamar,2017-02,16
West Tamar,2017-03,22
West Tamar,2017-04,12
West Tamar,2017-05,18
West Tamar,2017-06,18
West Tamar,2017-07,20
West Tamar,2017-08,15
West Tamar,2017-09,13
West Tamar,2017-10,16
West Tamar,2017-11,16
West Tamar,2017-12,14
West Tamar,2018-01,13
West Tamar,2018-02,10
West Tamar,2018-03,11
West Tamar,2018-04,11
West Tamar,2018-05,16
West Tamar,2018-06,18
West Tamar,2018-07,19
West Tamar,2018-08,10
West Tamar,2018-09,5
West Tamar,2018-10,9
West Tamar,2018-11,13
West Tamar,2018-12,12
West Tamar,2019-01,15
West Tamar,2019-02,2
West Tamar,2019-03,15
West Tamar,2019-04,14
West Tamar,2019-05,12
West Tamar,2019-06,11
West Tamar,2019-07,16
West Tamar,2019-08,7
West Tamar,2019-09,10
West Tamar,2019-10,12
West Tamar,2019-11,15
West Tamar,2019-12,9
West Tamar,2020-01,13
West Tamar,2020-02,14
West Tamar,2020-03,12
West Tamar,2020-04,6
West Tamar,2020-05,13
West Tamar,2020-06,15
West Tamar,2020-07,11
West Tamar,2020-08,8
West Tamar,2020-09,9
West Tamar,2020-10,10
West Tamar,2020-11,12
West Tamar,2020-12,3
